id;age;gender;height;weight;ap_hi;ap_lo;cholesterol;gluc;smoke;alco;active;cardio
44842
67167
5903
28423
65845
15564
25181
56607
18553
21473
61453
35746
19883
46600
36038
57700
31539
45313
49482
2727
4991
58807
61742
54589
47339
62128
3377
68731
57879
39634
59377
53500
60218
27528
14026
56850
63036
55897
8334
4661
27779
68092
11415
63735
55951
32122
21516
61433
21112
33145
58166
21031
44646
34906
23578
35123
17407
13095
24669
66762
25511
68412
14185
32151
69759
53253
7953
54894
62453
21132
52910
54614
63775
3161
9151
63160
16497
8405
45389
19878
68540
15604
67135
25960
67131
26781
29119
57831
9684
30142
61150
43261
10477
31105
58076
17586
9711
7898
38538
67672
20601
69355
14182
4093
22294
32840
35354
36695
29613
64712
58489
50405
10502
35468
9333
14755
14258
62250
18355
57465
59387
10399
14252
1932
46749
61804
22701
12421
34914
49254
66505
44382
59561
19958
10838
12705
17725
25170
49766
61328
58173
55190
30302
1009
13394
56505
21895
56255
68720
26075
4807
1046
3834
64666
23030
15644
14303
8493
45575
13764
58023
26394
62436
19979
6138
15520
13543
8346
3443
65859
53284
59651
8591
65178
23128
32401
21519
23749
57958
59257
54783
20977
15978
28645
65918
14082
25893
49161
58737
57555
44777
36165
36005
51963
15022
61964
60783
39191
56108
69645
25775
51921
16207
12117
35343
36499
58360
66574
54200
15543
21279
26756
41367
31220
36960
36001
7632
20199
63633
69397
32513
36597
57927
12551
50789
36893
56193
26110
47325
3256
875
48963
13167
59505
23725
19035
48480
39719
29228
36999
37900
6019
35002
16695
46458
69322
20810
8746
43790
50187
5114
26880
6517
26107
21904
2537
12623
32008
45426
5472
47623
3224
50226
64159
20747
34271
42568
50611
13715
41922
45604
59608
67837
58309
43684
48511
60750
35107
57487
62045
69646
35861
54437
15190
35830
34632
20247
29149
28860
9640
42841
20351
5586
31029
32226
65443
46103
41787
49705
23781
20259
5918
40754
46986
39643
19437
52697
67714
11845
58760
34857
31889
55944
11258
54351
64184
10379
24161
46641
45420
20750
59277
53141
26379
21474
59073
25404
44791
48722
42089
2740
18169
56118
32246
44863
53126
64231
21003
14363
44975
15068
25423
31250
12841
30892
1113
20104
21903
44188
20158
10966
31628
58970
9464
40959
49528
12891
39507
24835
54519
8275
18226
44476
27467
22077
10882
42604
35697
58284
3258
23726
68137
26287
68912
6124
31345
67818
27614
22934
31375
48529
18000
46196
43033
14213
53130
30074
19548
9839
60724
46256
65976
18674
17080
56929
15547
8139
53139
5182
46657
19509
27499
53399
59259
38447
35738
38079
39282
26591
40996
64852
7322
46962
56122
48076
20271
4327
17356
63088
47683
45753
44533
48913
13586
5742
65067
40404
14985
24658
36807
18018
37372
21509
63313
53217
22964
12516
10476
57496
18038
17351
3394
7910
25702
49782
66704
42409
35378
5487
12504
2249
38078
69887
68821
3518
8552
6347
23182
69425
11952
7432
18775
16172
12893
30264
2704
39884
29929
1438
60997
67850
25322
41422
64737
29756
26598
64999
23005
14468
49546
19535
43401
46031
54154
7388
53963
28785
37838
18637
35031
48692
35285
18968
20667
43319
12025
31488
51069
11531
20375
69980
56617
31954
48294
49970
13132
18255
59366
36704
68656
10385
66631
760
7949
2469
28730
4364
18177
10249
61662
13357
18168
15585
13265
10219
5132
52552
1417
41515
68573
10578
44649
36680
18025
20662
51644
55946
32222
5504
38944
9429
20453
35584
68149
22918
69066
57376
49518
35140
57043
40433
69284
3435
30415
62189
27445
35780
37154
22010
15953
40125
21599
36710
17477
2059
26506
54238
1687
37227
12745
68586
64023
45346
4187
8369
46028
65760
28967
59003
62327
9110
53874
14108
32220
55849
59556
27594
47040
44898
23136
40283
21562
44758
42649
44233
7092
16378
43047
28643
26865
40815
18371
66557
40633
29684
13765
43454
38862
51637
30649
17965
36202
50581
61419
28513
8854
4516
54374
45014
65689
7181
14287
46185
44792
19400
5838
3458
65855
63716
58108
1913
9732
61423
26297
54627
57716
58280
63191
23696
52814
67096
18200
52304
21917
37957
52156
17123
52323
58193
40897
33932
66385
15935
12491
33298
19423
54941
13369
63466
35443
3533
20642
20166
29017
66140
62483
5788
39338
55490
65392
59466
27668
18700
39116
39382
26750
18317
40049
20021
44562
3713
50924
11253
10817
4225
35519
23378
55275
45659
12541
59566
62158
2425
30854
50324
17564
6598
41606
61559
6227
17371
5662
56225
25739
52569
62218
33060
59717
29881
26913
18215
55851
38828
3854
54560
39442
9694
17531
40842
65899
3848
40615
20992
43522
43855
30377
4732
65937
33116
68403
41980
48888
57705
52298
51758
60024
28953
14176
18127
21054
54817
68497
28852
35185
49424
29136
52601
16655
24803
21535
10855
39317
53948
9186
67352
36551
35968
67976
21513
55169
27288
65286
48145
10970
18058
29327
52642
61459
19140
60132
52231
30928
64866
13923
38575
66593
31731
68053
26892
55326
58833
54533
42684
34488
56068
22507
20635
58050
7994
52247
4757
19860
19598
53913
30791
30862
15739
19603
33705
14054
15074
66011
47347
40223
59601
66345
21573
39115
534
6731
37895
47762
67097
12688
56845
64227
10423
6470
17027
6476
38961
41683
54127
46320
25716
146
31721
42069
24694
44889
28644
34516
50327
30466
16528
62378
28690
57006
47211
59751
7881
47515
12107
58438
24562
29979
48596
26736
6980
7739
34351
22861
23750
51303
17319
15046
38924
30386
10587
27103
16840
24570
5740
37468
15124
42641
40425
58889
73
40228
23312
28451
31911
58779
26167
32514
16996
37945
52116
37202
67510
64830
1201
31026
38455
11551
51302
19062
2694
53850
11665
28674
65471
50239
50739
23044
4940
68134
30989
65933
29459
29625
59378
2760
25630
25131
49569
63426
7255
51636
47195
64040
42593
15858
64352
48582
11154
22622
41673
46970
5286
20631
38014
12049
41919
42133
67864
63991
7728
58330
22413
16095
29191
63143
5238
17577
46588
33535
33322
51493
21089
37086
855
49190
49941
62607
28370
69191
51783
1643
45011
10092
62438
45986
54977
6166
40568
17872
40000
69619
19516
38856
45576
63762
50828
29256
33613
69775
45095
1616
2115
30316
68926
30730
572
44508
20329
55645
62709
23763
54089
38810
68942
69886
34836
39548
25945
31976
18916
15249
53659
62466
35362
69896
69960
69999
55995
50276
26564
42134
30004
45218
15868
45633
48509
49225
53376
39770
28019
65368
23865
13203
68806
62148
18141
68639
31061
20555
42854
17976
4295
64903
24439
46325
28878
40161
28582
12340
54888
11878
63850
58910
2631
67780
19506
56065
37893
68337
22086
33384
61214
24447
18368
35583
48228
6917
34163
31317
24583
56927
67249
61519
16565
60091
63075
19168
5052
66927
21290
27281
16390
32106
10472
56198
27383
44899
6246
63951
17607
69289
13713
35823
11393
6283
41965
19232
56181
53860
45682
28229
21740
30603
1982
40705
50545
21258
67511
16003
52237
21873
50224
45577
32201
50156
19398
7412
35326
18715
61336
8383
23159
39169
43994
41015
22457
8325
43416
67093
57745
31581
4002
46822
3691
66630
67365
53684
63750
25522
6527
8326
50301
9339
34975
5958
66791
23872
52820
9644
11839
30492
46078
18276
30065
35630
33114
57560
39293
67107
20839
23852
69369
11200
35191
32013
23932
57389
17093
52726
54396
19088
32197
10446
7443
43277
40534
1373
65428
35257
53977
53403
49131
1023
59666
43199
53904
4669
42616
43564
24679
24468
68070
7172
51341
6963
11221
54462
28807
61749
38089
29682
69629
67478
47973
8043
56183
7733
48431
58498
47155
64867
456
67717
30001
68503
2450
65174
68670
30985
8484
43626
68302
55204
65062
59786
6032
18666
40387
62182
38222
3084
45082
53082
44403
27680
65819
4053
68551
58042
6076
35991
8437
27865
51373
6957
62216
53773
58818
2570
20759
48736
44800
24567
68659
7021
66061
9168
41807
17581
1707
31619
50698
41648
47832
19510
23317
58327
46152
22913
6217
21949
52207
33919
68326
41652
5568
62083
23532
19368
42559
47377
36951
66329
21781
18139
7838
59229
49236
49901
28130
28333
54087
5414
60804
11720
20461
57212
33839
58304
29035
29135
50569
34424
26323
34173
45294
23229
58399
803
41689
11147
38519
20812
52538
61437
68396
66066
22435
9679
32588
53844
32092
64740
41916
52296
53936
32909
40850
49115
49025
60138
6758
20174
62116
37072
1903
21666
4376
35911
10694
23180
47981
6553
9121
11118
27197
58728
59225
23450
20042
54947
58178
66650
63870
31266
67995
34974
15138
54763
3487
5026
57677
67862
39326
37462
25643
64343
6706
52450
29426
42631
66325
7185
57033
25184
30949
32941
6474
57727
61870
67430
25984
33872
48501
59733
23097
16714
44210
9578
14354
50422
12732
8407
56678
43387
15979
47686
7966
45008
9866
31512
33498
46411
19815
65595
8974
10392
2781
25448
9545
800
1331
37425
31875
26729
61291
16249
49661
37777
19915
52934
53692
42736
51912
41644
7582
61689
8385
15321
29813
64681
27964
67592
69344
43559
21566
24024
10908
68118
26179
4690
3925
19111
47712
51744
67857
55741
39788
28347
68353
11285
9979
8111
2480
34188
69939
59414
754
65274
52085
36230
14420
36211
30069
5402
47429
12428
20294
15311
66587
2613
34186
25190
51553
4030
4503
42787
28608
1937
17072
18135
20134
12924
16738
38688
19028
37687
31042
36505
8086
24530
69905
50697
57372
23941
45504
52888
47717
56803
66968
13034
1612
51448
46593
8925
2176
53369
13719
40938
23384
26438
31295
5637
40211
13298
52299
2991
32623
56056
30328
8263
45859
68686
48203
26059
15083
40794
56922
69779
35958
9089
60741
44406
62904
3869
36642
48314
28210
9483
34583
50706
44331
27855
13466
63569
36171
18253
22623
26275
63246
29605
280
55650
9692
25236
50929
65790
53989
44118
41345
6162
61300
60941
31513
32468
16759
62177
37375
29641
19257
57001
17311
21030
62172
52540
12076
7396
60026
46371
65522
9560
33523
23093
37244
29263
33434
34798
32626
52619
1641
66573
31
68385
47331
26677
63722
35203
68975
769
49691
7868
64178
27816
57751
53354
57720
50623
39200
49312
33559
14162
49888
42277
44106
3326
36827
6541
31027
69364
34311
50942
15491
9561
15142
5517
49760
34222
40791
29422
32001
11786
51245
57300
48731
28705
7149
13781
35459
65922
20014
67579
19907
31729
55008
29993
10485
12587
35471
60703
9032
51419
58243
63742
362
4512
24242
20360
67711
18867
17587
23646
66940
25496
2789
9614
14852
60872
27840
44395
12008
45216
4423
12211
27674
39253
20592
33397
5281
12116
54228
62944
64763
42278
43217
37238
27883
47847
41581
31416
63167
55164
49568
68904
67211
10822
32785
32012
43329
63558
18161
12385
51558
20905
34203
65851
39809
18972
31452
3687
43658
15924
28856
16880
48239
4039
24819
49270
64907
51602
1402
29212
43225
16925
14543
60588
25157
61244
39265
69014
61324
8518
69639
11363
17154
56140
63653
17583
57108
8525
42230
41558
29139
55754
66065
31920
27657
6862
32405
1563
1915
3276
41007
575
50255
18386
67706
21574
42312
40354
49206
58559
59284
52747
44357
62278
10173
62605
19104
47804
59864
25113
31006
4251
65133
49226
27455
57750
65668
64212
10491
67681
10582
28549
45738
57073
57095
3412
3822
41503
61667
5117
59637
38971
33171
24875
31169
54842
68062
27285
27051
61875
5463
19575
64388
69559
4224
40672
47289
41221
11186
52305
55565
39538
354
54951
53169
63883
11742
25784
3766
57127
4056
6632
51750
720
1077
14000
9053
24834
18467
43767
30815
10143
19317
29549
28266
50495
67230
2449
5011
43323
52797
14982
48182
64912
17691
43434
14665
60220
44839
69321
24785
52999
25664
9798
41121
43582
33985
65342
60335
52972
52721
36374
65750
37247
49709
39735
28665
32342
9004
21591
5852
45826
34430
59565
46057
22491
15143
4064
15012
26152
36333
30444
33864
11293
33801
20347
2482
37478
21660
67423
50173
30354
37528
36803
22974
21480
13515
56399
8640
15430
64694
17070
40013
59520
31092
61657
3506
32587
52959
67220
67639
23950
67544
63684
24859
58088
27571
43155
31459
41876
40748
15310
27889
44429
61574
1970
35634
1194
23494
6502
41570
38227
25983
35007
23497
9230
36687
43251
25947
24401
22967
45186
29178
50600
16081
1312
30477
6026
10528
64139
18119
51806
41305
50827
13630
50412
43803
61768
19378
66549
9984
57128
32798
56200
16875
52802
48642
21969
39131
4907
5620
42708
7076
42021
457
12018
33380
34125
65143
20656
59697
13533
62160
9905
4748
58891
10023
53368
34462
50458
61176
38557
1153
40363
22155
13090
41776
68234
14452
3784
44917
12859
52052
45287
19661
37816
24426
61035
5321
34343
60365
69721
38583
30538
50497
45697
28369
6073
28947
37097
61515
63975
8734
31228
22030
29374
67152
28286
19624
64500
41887
57622
67421
31987
56901
24554
43511
28020
28233
29055
29001
34168
40376
367
4736
41629
21280
60751
13607
10784
22930
17084
40744
13183
12857
40386
41870
17572
27699
63895
3374
18533
23926
55051
22049
57230
34619
23639
31934
45464
29069
4412
26088
24970
51945
48269
60614
38600
24893
37203
53323
63862
66149
26191
64855
63471
24084
39415
57105
54745
50925
25094
66735
47069
28352
22783
34979
33592
15589
24319
69755
67170
7707
24852
6156
38751
9790
34812
65593
61400
27165
18399
25342
35949
63687
65261
38935
62690
45479
59760
37638
57872
23326
58124
53133
16406
28373
56731
45868
8461
3033
10886
10761
66566
11463
60738
18730
2460
26274
59062
65914
67146
46585
7545
10370
52725
48332
38245
26374
61430
60645
69291
23207
28260
22387
9942
32465
3798
33548
36204
40790
10216
62918
34008
44925
22936
3787
65477
31394
9314
43988
49552
53448
65140
2306
34713
19841
49860
33182
9808
24020
23156
67859
37569
66838
47030
26535
20139
40512
45395
46765
34072
3049
37491
63759
30762
15014
56062
22212
61262
64038
65314
45706
65924
56955
1477
67138
54007
25279
51698
41120
54645
33115
35787
17279
28786
27822
19792
41972
16324
14872
60264
47925
68022
3411
17360
51031
13279
59001
41596
23691
21282
50368
61465
50604
49622
64881
23357
35803
36763
64841
49527
21430
22087
36116
35703
12120
45268
22129
17415
45400
10891
63839
69260
68198
22615
29693
4258
63262
12531
42506
9555
2152
40096
29132
45572
9659
48334
46433
64918
29297
43586
17591
69036
37081
49796
56337
29814
27715
55784
21749
69168
15805
68706
67156
558
26019
30672
12150
68250
26362
43739
20428
24705
962
5496
14254
53131
42589
14063
57671
45349
69664
41817
14848
57144
9597
39771
68355
20835
56432
17638
6255
3946
17989
59197
45720
69757
64140
50379
18089
27325
9686
11520
51953
21522
57436
51910
36442
7859
28822
68878
26408
36754
29220
16446
42652
44936
24110
67276
11460
2668
34388
41867
3960
27160
6034
24002
16700
45070
55290
9023
26343
1200
27700
20154
24972
38302
31181
30515
21220
68066
29972
2347
65469
67457
47184
66576
27701
10605
7828
36601
61676
18868
13744
13119
43867
38027
38206
35482
56384
7133
44212
19288
68633
26469
45188
10378
68973
51147
60851
12011
47101
18630
59950
18322
12944
9568
47420
68929
29430
30996
35462
1650
4157
53996
41803
36282
9114
6483
35159
22870
66920
51466
10722
23564
58812
37011
17010
65345
4111
50678
34269
22502
45049
23660
36548
40205
43802
40174
21113
21734
61452
54184
28939
52096
1633
57252
38170
55706
55707
15538
43089
58758
26456
35264
13020
48401
27714
22586
16578
18544
53575
30043
41268
64216
22149
22102
24753
59140
14091
69667
59031
24186
37058
45951
6379
6188
39472
27873
61418
5442
27863
13597
37639
30475
56788
18878
20953
10307
51463
37837
18186
13353
52293
29380
13690
41198
14276
23913
59189
37030
13567
11133
43905
3907
21268
37052
44922
22893
49824
13812
1052
54122
22465
37077
11336
12764
36409
36928
31020
69226
64937
66951
4256
65353
43165
61498
46908
33417
33183
33952
7291
10176
69871
40606
30298
40143
3909
25348
3423
15786
18429
27130
19290
24477
34204
28085
54386
53290
34501
21803
27427
45362
17820
45326
52575
10245
60520
44074
43480
29818
16363
26371
35899
13948
10211
67808
21874
45538
42216
42375
7913
6346
18726
46591
25530
26853
46482
23495
64974
62846
5460
66443
31755
15872
4966
33995
41283
37735
6315
68236
8865
7084
43310
37522
52782
62027
34921
30242
5355
10580
19076
2826
42916
25637
16506
48096
46002
48989
2716
66851
27062
56778
15432
53207
49908
10673
36610
24453
63330
44937
22011
17277
6877
47827
10277
39902
60552
486
59869
3379
25557
66858
69576
24708
11236
64294
47544
9536
64776
46087
58684
62832
28154
38474
37229
39916
6239
61194
67548
59579
65735
67573
6622
13127
59088
24248
63911
17712
38959
21380
57869
12110
53275
8748
64511
30525
46900
3872
51456
42750
42834
37055
44958
64073
31407
2803
40664
3125
36451
32137
35248
9104
28618
23254
60833
59434
32897
4493
44102
43022
25427
60095
57957
34159
19834
56551
11919
8569
54037
59059
2075
7364
8590
58578
55350
18167
40289
23456
54267
37918
16701
58191
16075
7367
49316
62191
65422
20875
55040
15941
65493
13166
583
38179
46618
20415
7323
56597
41401
26347
28470
24121
25476
27713
62277
48262
47279
16274
26603
11217
63161
47829
57973
25801
51434
31777
44513
46735
50965
34467
29482
66686
66712
67402
21037
55636
55641
32233
68773
54482
66022
60919
47145
19873
12738
36516
20596
2291
33940
19426
47121
58516
53367
1519
54801
55029
4011
50795
66133
58830
55134
17209
44111
68347
61086
45628
54515
49021
68927
12220
65253
1269
7344
69783
69718
35036
45880
7359
40093
57673
54046
15323
48338
17232
7385
18759
2178
40446
33840
69780
68944
59531
48714
52878
2349
13196
32263
27044
7907
46895
46652
59253
63869
65270
43460
37214
50639
29790
14151
52771
7740
66708
48133
62667
51730
52845
1713
56522
49966
11709
51718
7495
56131
67902
13291
26551
23523
65444
31490
1017
62542
18285
26095
2406
55297
57192
22606
4372
9900
1549
11238
24076
11608
56214
35782
36790
42309
21388
25798
62241
14486
7330
17549
19744
56116
18818
40713
28526
7926
36113
32772
40639
64676
6254
55601
5982
9841
32684
52570
36954
65037
24006
34849
19810
27224
25057
22108
18122
44915
56910
4261
933
58831
20481
9629
16507
41103
25179
35389
65184
66783
8726
69264
47403
31621
40693
69839
40184
32739
61212
60373
16044
31307
17596
59521
9862
62736
64958
34909
32058
42704
61027
44891
7430
17642
22509
8635
8534
56456
50435
21840
43510
9802
2034
59390
27622
65377
63981
5195
37200
37418
65354
9101
21754
26466
18986
36179
1904
37733
58963
16305
33402
43659
20817
24262
23167
43939
48540
42056
68356
2995
52748
37191
31142
54684
6613
31769
27230
28955
37832
61353
42249
69955
27785
42304
21508
36052
13160
8333
60566
17646
32689
18295
20805
870
18594
12837
33499
26405
61816
31578
60950
25927
65423
29711
21747
10659
2063
14230
10103
59489
3899
23892
63665
28494
40118
58390
36343
69337
616
24595
51502
19981
22717
42620
59381
49877
14353
11544
54866
69215
65863
9403
21155
66769
44053
28324
63889
35361
45264
9467
15464
36995
49302
50978
36746
44622
19134
13693
69263
60481
49687
27579
16090
64268
28766
68843
46461
60277
2177
54502
40366
25912
39535
37029
26815
68514
30959
55154
7350
42767
40892
33133
47210
12240
45710
20084
54500
32009
35684
23299
9751
8742
17289
25814
21968
49435
44144
43109
18782
53941
26180
3059
3265
3546
46309
47748
31033
44104
29258
30540
55274
824
33489
66575
36774
28431
53800
26388
6328
45211
22089
7717
28319
57201
35546
23060
19645
6083
17987
17024
8116
66504
9715
62249
12301
66439
40535
2976
32944
27944
39554
10375
21583
59725
22525
62408
12329
49034
56005
33950
12715
37057
44314
21547
26538
13110
5409
34780
30186
4985
42820
54203
8303
44733
13159
20060
39994
15324
193
59932
42847
39123
21048
11669
48077
42165
60322
12801
43812
11923
62606
54321
55965
1076
47597
4530
46014
38508
39863
22021
30531
31385
23431
34903
57313
51872
47010
53950
40414
69223
40501
35527
32938
53263
12190
67022
24318
50747
53366
64764
16632
4393
29768
9350
6367
65679
34539
856
34540
23694
12449
27833
8336
9319
15725
47958
24865
50166
57373
69483
23648
30082
54070
10048
41660
2260
10985
17770
53147
35590
39
40358
31256
52448
33851
51762
6728
32812
9766
4159
28982
24168
4837
10857
3904
42890
14527
24548
51904
40067
927
58973
41504
8033
41966
3951
16630
37427
54398
69986
46283
24580
36651
22141
31589
10331
68870
58560
18591
51513
64805
8719
32380
40759
4355
22820
41569
16123
6042
11240
49019
48271
11056
48119
31766
34756
54559
19251
17744
30986
28386
241
8190
48752
32568
8601
29795
29026
54071
7611
66019
15213
57269
53918
25295
22603
14264
12775
64027
49678
3971
30211
63135
34415
11626
18876
19651
2601
41669
25650
5853
12039
47274
7409
26315
16084
13215
42387
14888
24688
47741
36706
54984
35076
6250
69138
57186
40595
28527
32434
15698
47337
24913
28361
35655
35967
11257
23740
23976
50685
47502
3351
58579
2712
27575
20117
62383
35242
1842
64687
4517
3017
13467
37009
17470
15717
18882
37803
14451
674
67718
52832
2232
65142
38060
49243
17315
24743
22041
50037
10938
48252
39652
26302
2832
29520
21921
69039
55233
66898
27884
48504
68654
65153
62421
37148
53121
47133
24936
38680
63495
63703
32749
12555
3101
62627
842
66694
36779
53151
48947
15301
28068
36501
37755
20777
2021
35975
10356
30216
69803
61545
16344
35382
65949
69473
27050
3491
55002
25458
12426
5598
6490
61313
38755
51081
31323
54959
31179
42926
26707
64427
69743
46038
52736
26546
22425
6438
15442
25338
37302
18016
5219
17808
36269
36801
51468
60781
11164
43101
53175
57971
69945
27955
29926
7709
6697
6290
11779
15196
59092
42382
3470
11766
68547
47881
23538
66917
15517
52850
37243
43234
57999
1209
38185
51878
61905
26728
57004
54027
33989
31850
58666
3461
66266
67896
59099
5006
64652
21842
57672
6999
5895
60759
36240
42371
58223
43391
34533
69127
67030
31831
19634
32935
62220
32675
66013
25750
48318
48575
470
30162
29163
17932
49495
53237
67293
57527
453
62952
52833
48883
33939
18618
56712
31872
11897
65596
17682
55395
45945
14674
6651
13488
42220
10573
47842
1820
54472
59563
6615
19425
8019
16171
37103
46109
20151
48035
40558
8221
15567
4812
46718
6400
43204
53032
42057
29369
40374
31432
68465
45215
47906
21047
45854
16708
31879
15144
58609
33709
15227
19294
8307
6842
22818
9996
29883
41020
50388
32527
33436
41230
22055
24500
4882
67272
10509
40694
64111
66016
42259
74
47385
10119
47899
3566
29033
38098
31277
59254
51886
23735
61542
9157
60156
11207
38368
27179
67725
19059
30968
20064
69247
392
19488
19103
34805
41021
8887
4551
15079
23723
50786
46193
11955
56332
46905
25188
65350
25988
41682
27829
19583
12754
16241
44900
62746
58340
48141
64
68331
8511
1766
24211
39257
10756
55363
40400
9207
31191
30676
27133
55414
64860
44770
68753
24130
26190
32112
12317
13015
20828
40362
24099
36878
51460
40470
48805
24520
49166
30966
5424
42293
61170
47520
66589
58550
17405
40323
30291
3232
68183
32176
1830
55814
1437
44960
1811
64013
63766
14627
783
23075
63969
61938
5197
51823
11291
12799
54730
58718
23682
64913
50671
27891
40324
18131
47011
26493
60535
1613
5904
26328
52591
19712
61914
6556
40188
13675
6051
64397
18279
19726
44507
60189
62864
3539
63395
24479
41258
44647
59431
60062
3440
15782
6349
24989
4747
69443
26663
23700
14749
51725
41903
48521
12814
46026
12351
23325
56411
14987
11237
27654
46139
26747
51629
26758
25001
40578
8183
13662
25999
63039
57657
57664
12959
54821
24059
56079
48433
13180
13652
55161
49376
7261
1646
9051
24450
38369
27026
51816
31876
39739
11227
23221
37201
19685
28632
37595
47396
50331
27056
43390
27905
11638
12834
27380
35338
14595
44618
38615
21857
16246
1310
65929
5323
7596
15262
48737
18275
60842
17261
17334
52916
51889
31024
53247
17563
44344
68038
4394
19734
35391
69570
68072
18365
55496
46654
5240
3600
64392
57207
59033
23604
34678
68212
61503
2569
47083
52624
698
55042
7252
21097
10940
47301
67700
33248
1384
19640
40854
10068
21896
16280
12887
58008
28166
42844
41436
68279
27493
68655
10801
63064
38329
26223
60128
6698
37319
69251
45281
49351
44673
17064
30191
9402
49674
2474
65357
1816
5165
63576
57859
33078
56954
8656
26730
18146
644
11759
48354
52249
25060
68456
22624
44838
509
7699
56801
63728
3853
63842
30930
31964
36314
41455
22279
57405
43540
23220
16520
49487
63999
6507
46668
42984
7853
22638
45002
35384
48536
61394
29142
38912
34777
65263
9197
19654
29601
34230
16619
56377
5984
9370
45771
65213
23087
28662
30336
36370
43029
19896
46123
39398
8910
29171
8597
16254
7654
43887
31352
50995
5385
10594
12794
56363
68206
66319
50974
10124
64128
5096
36215
20468
28392
23530
44693
40853
47187
45549
22380
51939
14307
64736
13862
60389
2076
53280
21928
28412
7688
55656
67523
6554
22274
53611
30262
21533
3174
42361
37223
4072
9498
8309
69513
8817
60471
57913
32813
43670
58417
55875
27742
58850
24897
47895
42253
36344
41344
23393
16971
44444
44933
50770
5307
12779
19396
56110
42341
25437
35229
34190
834
26770
35395
61787
44312
21681
6003
34820
30188
21646
43279
12881
58658
35856
30046
36541
60726
4485
61098
25861
56
6929
36963
45381
35157
34151
14004
37515
62119
26558
14120
66869
19846
37703
55185
15934
35618
47513
59823
22015
69748
27147
25323
7091
11874
65327
61207
33622
66244
5423
7921
36874
1089
48773
58490
39266
60462
1449
4133
12852
34157
69693
65583
12781
31034
42065
38768
59246
12163
22483
64667
4096
5122
52038
42715
55551
30846
11232
14748
34894
7763
27520
14615
62487
13135
31409
5822
34176
51139
41769
7152
10381
18240
51187
5228
27992
19285
5695
45665
10364
14719
9590
50462
58789
14979
7600
3847
9372
59679
13946
66885
39745
51182
21019
33645
59139
12306
35005
55208
29472
4301
14093
28374
37434
55276
21550
24818
10733
12631
9171
25931
41331
29996
33135
57417
23014
61550
10359
19170
40591
58437
33236
56790
54911
48045
28629
29746
48983
11974
47817
42744
44128
25106
35808
60457
24974
68190
69313
19098
62312
64675
12358
24663
45975
34150
48538
30049
66405
34089
36524
55043
30732
51995
1983
69262
55685
17635
21505
39120
34200
31112
64161
14802
57369
20978
60859
2915
51990
49714
5737
49365
58670
29040
37432
38891
47893
65730
53898
4896
29424
38470
43946
14071
40213
36644
66047
33477
42468
5154
63333
27185
8149
62819
45434
49427
20813
42255
49828
13526
2265
29640
58029
13031
37629
26985
21888
52041
48803
62366
47432
60391
51598
471
8922
12207
31157
51739
39708
27627
18787
56806
27431
46036
5522
44286
56641
40172
86
65375
55620
2443
6890
37619
66146
16984
17114
2361
21300
23186
47932
26812
11894
15938
19788
37549
67354
18006
56590
48836
16367
12700
56777
4324
56188
11035
39307
55162
4141
33222
24058
51773
8042
33846
49511
52054
67471
45886
61332
7400
49070
26471
69814
32188
25044
51781
53854
49006
35088
67271
49315
3245
21391
53609
53083
1698
53488
52044
18849
53166
45399
15747
52805
19199
9488
8127
11617
30839
35574
36673
1908
2984
67118
50913
32643
48904
14567
1997
6941
4570
38684
2312
29169
50871
43451
26552
36106
27799
7175
23599
25288
53711
27570
29812
20094
27020
55787
67287
180
18623
17189
50103
64250
61117
13953
38174
2269
51301
15444
6020
67460
35427
46472
18923
57091
37684
69539
22487
37339
15893
39799
53563
13814
40379
28376
10602
51651
26497
63732
69707
69954
10018
52439
6657
68277
56488
33346
11231
44944
22224
65066
38155
43366
42145
65175
11958
29937
2483
8914
12372
5770
48800
649
31013
62320
62763
66095
12185
24848
22324
56991
7176
20748
51354
8381
22260
30564
7856
944
11637
49403
3088
33258
55660
58893
44026
27581
69987
57663
61541
32428
22989
25071
16776
33084
3206
19270
66191
21
44107
64315
63939
6027
494
34890
7550
546
21860
23021
27669
59228
68095
64350
2895
41878
60849
39952
126
51311
21194
35496
36088
65460
24138
15683
42031
62335
48998
47833
32043
46475
21543
53722
47172
47398
38695
32556
58943
22692
393
59500
54059
27312
38549
26056
33886
45943
7480
66710
52819
14733
57710
49555
1522
27559
61120
18973
54907
25040
58607
33287
34194
50505
20598
21260
49176
56667
47165
32422
69176
23940
16958
15504
13847
29861
50375
56109
38767
31259
12809
2238
57974
49149
21719
39601
10779
17649
34298
40674
40669
13216
16798
29707
62718
16365
60934
9677
36020
63280
54780
10055
34026
27369
59487
53189
50773
6319
42017
2669
7619
5022
16264
18847
25966
2191
27324
100
45339
39517
5168
65299
68697
1710
8573
26553
33855
15636
64568
55555
35577
4249
189
32740
39440
54827
42955
24831
66442
38892
58574
23139
289
9165
66755
4921
60904
1160
51374
28069
9656
58971
61380
66993
64084
64722
46141
5448
4538
55024
51857
34817
30627
66462
58508
4977
13802
38664
6992
16874
5406
63884
42591
38157
44127
3615
27987
22316
19412
14125
36718
35829
19131
23031
66225
59990
25301
19185
9564
26635
53925
40037
68090
39223
58139
50488
5010
51086
65550
31543
45096
9011
26618
8860
18562
2194
19074
54108
36664
15165
64880
3828
23986
69211
45503
21733
309
7579
31051
36294
59972
43192
50930
43435
45974
7683
56784
48644
64228
44490
33687
36340
52900
22801
65370
38781
48107
28122
24421
36491
21794
35491
54794
58538
36922
50047
46343
2791
36075
50370
55184
9502
68298
55590
32638
4158
10892
55682
55984
45139
62506
33371
4199
61533
26708
45733
41275
41010
67266
64105
38594
22122
5346
5818
43150
6559
30203
40445
61616
44409
46725
2579
45101
41028
62112
14391
17138
5349
55882
46898
19955
7229
57366
68395
4958
11624
42497
15060
24156
67822
15715
16355
68013
28329
11274
54845
46071
67297
16120
7069
42659
34710
55428
2491
7804
19764
37831
20892
29276
31504
64642
38581
62656
9867
63863
21879
22290
63035
8568
17551
24434
60030
32460
60496
34029
45088
50926
6154
18535
54826
17683
41527
968
14408
1056
24982
14283
5855
49344
49301
54322
66506
3523
49971
61802
63072
228
67158
9311
38006
23273
7897
22381
4352
42806
17252
8144
44412
53302
45175
9446
56785
15927
1152
38016
33910
57711
61045
67775
47004
42356
19440
58371
32668
67760
28538
51068
20943
15175
60619
507
20872
27068
63563
55895
13448
61277
29668
14253
54316
33508
13903
56817
59251
16917
14555
69671
31050
53311
5474
67046
68768
30894
23498
47423
21470
34234
52596
57117
31629
23722
65202
49993
57209
10468
55554
24387
39986
23860
15338
38975
57940
23591
44715
12616
41911
50548
58440
37655
63491
30934
45701
54050
69700
42612
61189
12860
20256
25571
55886
28014
42519
67868
14654
32716
28459
16495
43875
57901
26039
11279
1594
53322
40917
4712
58539
41246
9771
27013
69035
68568
47152
24424
60484
58277
66895
27510
19985
24039
58514
40384
61415
31392
26234
29658
33085
3353
47064
3962
7936
55048
59788
24305
35844
51586
61234
17801
53714
49193
40156
29036
14046
1878
23228
38446
57904
63176
25151
23509
4823
67395
58458
35835
57154
6709
5794
60697
31723
23212
20175
29665
38539
4960
14984
3294
24621
40541
9997
43503
22326
45606
48810
2158
34993
37594
68432
35564
45905
33372
26140
32306
9228
51350
22829
8442
21684
45500
18701
50445
30380
46762
50044
34646
14106
65824
46381
34360
53999
2942
16034
19836
11519
21010
16500
9683
60835
67415
23006
67069
48590
24373
51062
51272
64387
7040
49219
2428
41351
7904
32026
57153
55343
20234
69054
34450
5276
68071
46669
8673
41994
63529
41065
47745
2885
30668
6737
28639
61280
54211
8571
2106
20610
17253
25772
64982
53982
57929
42499
24847
67178
51057
20283
57603
46904
13378
24823
63027
15653
42488
30544
68591
30036
14860
4685
23736
777
3949
21171
68896
12986
264
1785
44492
27573
36906
25545
45928
63095
56436
52526
59735
19758
50512
38855
2295
55135
16341
24503
30267
27901
28689
56561
503
39977
41774
30590
12613
10486
40873
13956
61506
68407
26775
27155
8366
30800
30320
66224
55941
24733
6594
63913
66136
49205
25194
9481
19071
28626
56931
22146
14792
40662
4884
26175
48981
66907
20670
28139
15727
35898
41210
46592
49017
64645
57738
72
43864
3452
29598
36978
31808
59818
30833
584
65237
15894
19326
41714
49813
54583
13610
66949
26257
36577
28503
3400
9603
1679
48171
3186
61551
52272
37601
43430
59221
7211
69294
37642
24646
22806
44041
67382
59545
18749
22215
60900
49239
66057
43186
11345
21723
34354
9180
8425
59639
13804
29189
41310
17395
56533
9755
36145
30751
20534
59213
47422
23807
62721
51443
28816
14345
58442
6514
16265
62388
52922
4997
59575
40152
8557
34481
16116
10564
51694
7281
20157
35072
1976
23964
58388
5762
7006
52166
26605
27984
45979
11969
5840
40420
29074
597
45462
67068
23062
64260
37879
35495
35273
22508
15778
30997
739
64285
1753
61265
55431
63861
22309
58554
8171
23491
579
55561
35101
29407
12671
68077
13585
19570
45045
10201
68549
24811
13189
36176
39249
38836
55196
32700
53489
61531
69826
1155
47414
68475
3077
61943
6089
2881
43291
63404
9713
48162
40665
52920
57785
24787
27487
19323
22227
8311
41237
13970
36228
10755
34623
56665
40249
43780
9926
4026
44277
64396
303
58545
11675
15654
25721
34769
37983
58901
16698
17174
66847
68030
12548
30138
11826
13661
40939
13935
19069
10919
1453
38235
32333
52488
61563
5595
26174
51638
22153
34146
24618
14471
57350
49554
31893
56543
50928
63780
16799
20941
64686
11318
16815
20343
8715
16021
11152
55543
33800
63311
57934
34590
61096
37091
44134
29599
69528
51249
53707
12784
23518
14972
64537
60805
69791
41525
40727
63998
23389
43102
9782
1491
57096
63302
31949
34791
40084
43818
24702
33914
54107
13107
40828
55176
61763
24696
1555
57002
63325
556
14974
57278
58449
60047
60015
38361
62257
55987
1483
7645
62444
12728
44070
58245
831
35897
24975
41561
61602
8782
34846
30998
47614
25178
31152
22698
48531
17912
32369
4321
59878
46241
63329
28539
2522
23831
27322
53933
10798
35406
64590
55571
58085
25120
9041
61941
42666
52035
7776
10651
57598
6376
47564
37004
26280
6685
14964
15296
33033
38219
30761
8022
25813
40899
58806
14132
39792
32934
33108
10411
56100
64156
55502
64601
69588
42746
50263
43384
51157
44662
2975
22107
16900
29413
61182
69825
21049
49105
18728
47080
11259
53958
63949
7463
37922
22637
11278
26828
69969
47765
53534
25488
35828
49725
49597
64081
46446
68496
55782
47923
946
15381
53331
65127
64979
56797
49938
44651
37915
51822
21023
45010
66297
5599
40220
42972
6274
21668
42347
33278
32663
37903
11313
35575
4658
39837
46788
22799
8192
64807
52030
9361
40510
69388
6998
18708
36128
69476
37591
53355
59625
2366
26421
13919
35017
12658
55982
25873
18672
10238
52159
65960
49094
23196
54870
60003
48745
61019
9459
47013
35380
17399
29210
32825
17066
65629
36136
14152
8101
23900
19929
62631
49488
66382
58326
21382
44718
41831
13087
1520
69913
61057
46911
1772
39476
49746
18786
57146
44442
36716
54289
49370
54750
23024
11438
3040
69132
51280
5648
68194
42969
56979
62078
12186
38062
55715
42734
63233
59814
28367
20406
60383
37343
58642
9062
28926
30975
55971
65090
68203
30763
10654
64641
67232
4447
25634
16184
34934
2508
69921
28650
13207
15391
8382
12323
31090
35558
65200
36983
27398
10954
17317
43180
19529
44195
34153
56152
67495
17198
64585
29834
10719
68061
36087
45169
47966
60204
9678
59960
29080
21584
50562
12493
42929
58100
5145
34199
46476
24509
67461
9609
40410
55768
41882
8844
40132
43065
54364
2911
24910
26369
68116
522
51704
14799
57247
61479
44347
107
15219
26046
69155
11666
54523
4876
41834
21243
4413
33833
68966
64196
54508
42677
30780
28028
59624
30526
27465
60061
34608
42188
56257
6721
2143
47592
37719
29522
14616
2237
34802
30147
44950
59825
64264
25948
56261
45427
63253
27636
68358
47448
5550
19128
50481
45289
61784
52089
12791
10971
42339
38593
54142
22564
62576
53065
41366
12437
21643
13760
40274
2877
36789
4508
47837
6900
1320
32005
59342
9105
43179
68333
66475
22946
48654
8409
65718
27470
55734
23080
52903
15243
67854
54910
42343
38520
39288
41715
30283
50992
63818
32584
25761
5873
11594
2674
61303
39480
59352
12792
5184
4024
5379
65828
5079
28145
27291
28164
10184
9890
31348
3153
12681
58254
2616
56277
31484
9552
1282
24060
42913
29270
11195
58470
34379
7277
689
10946
51913
37786
26755
32028
11244
50622
14225
17177
65657
18993
27410
47518
14169
50990
57078
53753
33625
9190
35057
52498
67053
51399
7922
59129
30136
58484
59190
33343
3413
1397
45370
36616
60127
32021
13698
61482
63681
34374
39155
1807
42427
67078
25507
25648
54397
5274
39247
66836
48015
6740
32629
29232
23445
30269
44184
40194
25328
52769
10583
29508
43866
36494
8177
10619
57521
65978
43129
13401
7614
5971
68448
39128
31815
43468
16605
69966
35563
18985
38931
60413
6236
1954
20003
55949
27959
38365
32023
41173
27850
14766
68233
6382
17696
4790
67676
8115
51729
16384
1134
68834
68978
34115
65281
38100
55701
62927
19410
30739
50010
11789
33070
38938
14187
33936
10949
20658
48400
62920
38370
67820
2410
69380
49199
45383
55132
28460
66188
17068
6580
55532
1586
25304
22583
40820
23227
32395
36242
45626
62162
63813
39144
56423
36974
59591
64863
43796
36923
7206
43663
58197
57640
38999
52899
30901
64098
32268
8665
61496
13109
29447
66109
35422
5878
25153
64981
59424
27888
67344
61996
64102
12858
12380
62744
66096
55538
40631
58198
27837
67844
46629
68923
16065
23607
46314
67080
20666
63971
27314
56334
38714
31594
55247
57497
23422
25516
16849
9546
50398
7272
67699
65841
5172
60185
25007
52605
66067
30022
59870
61578
12594
64320
41792
25649
34900
16545
55923
66872
52847
47186
10387
10212
24489
53401
59488
38232
14637
58373
14746
3997
53089
62359
16784
44555
54047
28037
53568
8096
66092
32790
33686
16240
63897
28956
31412
24292
63568
26113
27947
61068
68411
66638
45997
31084
42948
65885
20072
26547
14632
10285
55365
5292
35330
26905
65562
29726
7730
17478
64369
55192
23997
38038
21459
36308
69277
59278
22069
30385
43501
729
61775
11171
57363
9525
63635
27192
51273
5670
63387
37834
52289
56953
56029
62140
68040
50680
935
60874
18444
38531
5086
21861
34149
56163
52278
34717
32027
61414
20150
64825
4021
45330
7199
66903
14289
14009
57022
133
54139
4043
49870
47999
48457
46988
8796
63010
57180
58888
51028
13931
34112
4831
66292
49328
14855
20402
8983
57864
11855
9026
30714
51055
31681
8778
31780
48479
15846
52762
65203
18688
69257
14428
48937
15714
32867
60838
68585
14156
139
59076
51767
15084
25826
37146
7771
23977
38045
42043
40668
12602
65466
56145
20167
64806
17722
4984
55090
18954
62171
20040
44328
58821
46626
21254
40914
69403
22291
5468
60417
17160
54665
30733
12453
55832
40426
21237
50262
21100
34891
56446
7778
23655
48190
49016
3579
364
65445
61131
35045
56267
10488
22111
11891
64710
39353
4309
37443
40318
59287
57832
66844
51916
52122
17231
59015
20400
6348
65615
65465
33283
22142
31892
9224
3090
57604
62000
39031
122
65640
31496
14202
37073
58224
32144
27240
53689
33925
55639
31772
51815
21435
7404
42381
31956
16825
618
63916
39163
2193
35600
40319
61092
69504
45359
41712
11349
12752
55883
7471
44901
50208
45843
44108
16043
6784
25942
8824
65670
38586
56439
19656
57079
9275
1611
66817
9982
66822
28622
36584
60799
24490
19179
44230
30296
12231
3016
31492
59595
25345
69852
6639
33538
51528
62929
25269
51376
24063
697
31310
53995
2100
42526
35050
32051
55492
34225
1233
15576
12503
8801
44952
42961
10189
48702
24961
63649
28022
14089
46918
32166
66142
15622
61397
68031
61924
68495
24602
43268
15788
31239
39022
23861
45079
8918
16129
50102
15775
27839
46771
42125
3207
30681
24703
22350
663
30327
8629
38339
38573
25234
26715
29894
69503
59734
12109
65440
49999
10455
36350
35794
53717
62926
10711
64443
44390
42650
27872
63011
55469
53976
63082
7942
60818
28267
11732
64984
42483
37773
25926
66441
23364
42363
61197
25793
7376
53778
28678
25817
15417
32591
27801
14724
50670
34451
16981
53453
68887
16071
46721
42426
54537
30378
65135
45416
32118
32918
36157
68546
16713
35509
16162
9898
26607
65695
2228
26122
56808
18102
60767
11156
14465
19967
42520
33978
19388
2283
16281
8501
44995
40260
44376
11949
50023
20781
8375
65131
15892
27174
64432
62976
27233
38208
67122
68471
5970
19971
20388
14707
10660
36509
56662
14740
34818
40697
32878
29446
50541
17089
54814
23305
63067
27442
46477
3505
51305
23421
42100
40984
3917
15510
29405
31592
25077
12386
24565
33004
20744
18493
41447
2189
23836
65257
32811
44455
5700
29691
64604
7560
66268
15663
16964
5450
36446
20266
45861
61966
5839
65680
66113
14157
48485
51440
58935
17207
68248
10197
46751
7880
58004
50647
52462
68961
54393
55552
27764
28465
50794
45156
11082
41601
28213
29473
16079
21898
41184
53809
6506
33720
54813
29464
2708
59577
33785
33858
47245
62358
65019
41897
52099
15109
53059
7835
61180
29963
11578
10127
42922
31974
45066
49215
22222
3238
33891
19371
55472
69386
25123
12436
10829
59526
12744
11140
26484
16413
36172
53458
50184
29173
59900
46690
51312
16904
54828
25655
68743
15627
42827
37827
55562
38871
44275
20188
27675
24822
51044
858
9625
18233
51063
11165
45019
46220
26981
24564
43058
18891
33546
57061
13247
57642
7072
37579
30916
44896
35699
26351
33828
41236
66634
67060
18144
992
68158
9102
47581
35989
38164
45736
47728
27272
40985
43793
24026
9978
25098
11719
39409
58510
21326
16873
25331
52950
32957
63128
1354
12405
67572
25765
12033
36574
69433
20376
52019
2235
45784
46532
42157
33339
23172
30623
57259
17293
19542
24896
50250
12843
55928
47319
42739
27730
62255
13871
55396
1333
57221
64426
22074
65322
55443
68019
49248
21809
47860
26376
13251
66973
54983
28819
29182
5629
26078
7798
825
10813
27384
68627
51731
60031
7246
34275
69374
22793
39563
48970
4873
12389
12157
53046
38057
69609
21571
38315
26178
63070
15986
17813
36319
5449
51359
57754
57493
39808
5655
17384
1187
53911
20739
9981
59511
37428
54390
30755
41723
60698
37756
9255
30308
22496
47811
41424
59235
45341
16676
64085
21177
17935
45555
25249
36328
33132
26166
51765
14544
58555
48407
43322
51024
42819
45486
59463
16291
10698
64164
49811
38896
37622
36882
17752
23924
52233
66928
53803
22014
23264
68287
55180
69624
33069
61154
2692
36478
9743
2199
47196
55130
56575
17324
10983
43447
45646
4643
28858
41161
28045
31390
44820
39973
56587
35213
49284
66350
30288
4644
50521
63206
62771
33020
49411
43566
57115
33081
21811
31640
9515
50674
32528
68616
29134
2413
30137
6012
57235
36096
62094
49574
38527
27006
54985
1467
50763
59981
50762
41199
4211
31210
40912
48545
27775
18378
55214
2027
13463
21253
56707
30314
38091
41232
40968
30663
60920
10255
63392
7885
10155
32095
56295
5748
38722
43819
67735
50383
10840
61791
69631
31378
25675
32236
1415
11532
1429
69936
32052
32972
14130
5261
51828
38166
343
55266
8278
39219
64277
52895
23194
39300
4470
25832
42172
5470
60343
10588
24229
8023
39310
52778
19095
56490
28197
22777
8708
23018
34339
25402
745
14321
7625
44096
9120
20229
34471
10655
46723
8071
31839
45881
33207
11001
15407
8819
48147
15967
59118
42198
8626
54582
59657
67930
68996
13280
46824
12972
47892
8428
68054
31141
19562
41655
6805
11630
67497
48794
68332
57035
25163
38991
12090
8651
30464
17819
66911
16024
48708
69088
68860
60273
1463
13319
25247
48712
47178
41372
27909
10412
38762
5707
24384
16624
67290
22097
51334
4487
20420
31245
5482
13376
49169
45791
20491
68536
14405
4502
22998
17655
28316
41168
7631
13273
49547
51046
62753
46997
63263
7694
31380
32570
20524
6377
25115
55633
21067
19974
64882
37590
69785
24146
49710
30995
58080
7142
23629
30422
21227
10334
43442
34413
64906
24652
50864
40398
25460
29158
54419
58149
68425
18924
31919
23991
67200
9980
10611
38250
67129
25303
11444
45965
11112
25255
48011
50009
62174
49549
626
7640
68142
45091
37961
48411
55956
68222
29456
30878
69983
58762
57840
34110
19356
27419
28385
50905
45145
21962
9441
8931
36966
64623
52139
30247
1602
37364
7049
28799
45696
35525
14052
61813
39287
19200
52219
53574
68291
67448
51235
49498
8478
34445
46388
65459
44006
23379
36511
15397
59970
15822
1063
6202
18495
53871
43445
68160
12574
38134
39800
59395
33996
20190
51610
32633
23673
51226
5948
50291
33195
20654
45978
31826
50933
57433
4490
7170
18361
15852
3163
15155
64118
47508
63636
50012
44578
25933
19411
48563
51154
45333
21499
38859
45731
30902
15821
37325
38433
12366
47307
44448
60811
12997
50240
54653
37496
25896
13560
18019
42989
52690
23253
13557
16101
36342
45746
51628
26944
16307
15794
23292
66346
41535
35625
35344
51607
49663
48796
15418
5304
68392
54704
17380
32546
61778
35500
60656
46894
22999
41118
59597
25191
43977
22842
60778
28925
3931
63137
11902
13117
41100
17042
2028
35640
46214
41067
50265
11226
56705
42939
12432
68709
68368
45635
30048
35105
7655
26735
19653
1760
38690
11494
16357
18151
47098
30062
1144
9707
65236
17656
60782
67576
5327
28709
27957
27610
46800
23171
11993
63291
50006
41378
60988
41618
25340
69734
69117
22399
9095
68583
20309
12884
16752
30346
47449
61156
3664
54699
30363
11072
45808
52477
16096
47578
43263
64205
14570
28732
49213
49318
14450
67245
4655
7738
33162
4446
33934
68228
27491
21167
47460
5837
29245
13608
58945
56650
47551
56121
67769
25079
63648
52621
41470
59120
67747
67038
38771
68225
43332
8652
64744
62100
67917
4813
6482
21849
62991
3562
586
39095
54149
21814
64019
17954
3176
13530
37327
56653
50784
62866
19954
285
54676
63566
10483
43751
61230
1369
5861
45378
41544
69523
67688
35407
43403
31556
42814
68193
16209
13704
7787
52133
32614
31665
1095
41871
13983
59402
18459
43844
5619
20648
16461
797
41941
9823
22647
33606
36195
19133
58129
46915
65158
37778
61091
19449
50802
25525
27119
16290
30929
15729
16756
40812
17740
16920
59345
32371
69460
246
46917
31713
31995
47401
66102
31420
25973
34987
20478
11125
43459
21440
42234
32467
47175
44501
65758
67018
36073
13412
40507
34763
67892
11434
8827
12448
9570
4594
35737
58493
42714
43075
53550
5020
48399
19939
34198
28234
22144
26571
45208
65359
69052
24923
68067
52614
7035
54241
20045
41444
68275
24371
69560
11132
40935
51075
6426
19274
31748
35138
59266
14741
41821
7002
40988
62330
54297
60916
66046
47700
63487
57728
33457
44365
58953
19856
32444
56883
10935
32744
13860
64326
46635
42050
51314
58652
57561
6704
51573
39414
32165
28941
35450
43016
45152
47776
60056
2422
2278
7161
3714
35611
19858
41328
38497
46513
515
40039
26684
12559
9406
2852
7494
29525
48132
34965
35287
55788
69730
31926
28346
60454
24025
57576
28165
47168
27348
8276
19370
26539
54822
53118
22307
38919
27132
11337
60014
68410
17825
55381
4405
66526
19209
40732
69817
60280
37015
4076
48185
29738
31738
4619
46554
69741
48843
15921
49345
33000
67738
18624
20333
18327
23589
32036
29862
23435
64103
41971
34913
12442
63793
53895
63489
11358
2473
36614
3481
38327
54299
15204
41925
6870
53016
22283
38152
29650
64192
52879
21209
67343
57517
65433
37826
13671
35969
24545
48958
28447
3852
25529
27541
15665
10859
10635
19339
31319
27953
25418
68924
42299
51327
12572
12667
17988
13336
38399
63611
54715
53229
66972
24905
38464
2435
65438
24055
45909
6906
58227
9334
57012
60722
54631
32250
14695
28928
1603
66452
43757
42856
58677
10823
37277
67114
63934
63145
13343
68399
65873
37968
12808
54908
57697
45689
29131
4523
69722
32543
66287
63419
51992
25763
693
58408
47816
15466
59736
39470
13363
52917
68695
19745
3927
63224
65789
58177
45074
38770
20573
53214
66043
5880
44724
31252
22444
7289
31932
17468
38295
63778
1585
32653
47389
55173
68240
46294
32470
35420
45726
6360
15950
29849
21582
44835
30473
25375
51864
59851
55401
26007
13712
39503
13143
28360
19215
51536
17565
40491
5376
33962
41772
52649
6825
61208
63339
61249
27512
56729
18172
22901
49590
24607
6491
64576
29911
7068
12615
31921
6097
53962
37450
5892
27250
36011
2863
34367
24465
16957
11795
25350
24615
1104
69150
2466
41764
67838
31849
49099
60973
45578
52641
20649
9206
30268
29659
33225
44422
41463
31212
27411
46879
32987
57518
37107
59325
69729
34940
12774
41944
26922
31288
64131
22052
53137
7937
41724
64517
56292
2572
10609
34814
52165
45123
35234
52891
27921
51749
24783
53864
7830
12102
53310
36733
16511
48978
32800
57537
19998
26769
8030
16717
8670
11301
48455
5269
14988
47891
37737
34865
24021
58006
19663
49157
36649
11693
66731
11787
54527
40605
42422
42298
60554
56532
39150
42202
46416
38516
45865
13997
35177
48313
31922
45649
58278
28298
38074
40490
65946
65798
27539
29717
61053
22699
16503
53120
59938
67831
49283
24612
66467
12342
38864
29842
39448
14700
1021
20952
67939
47989
40871
37857
54602
54379
36533
52372
25880
22372
5777
65172
13111
62491
1744
53668
16640
24222
66121
34228
2096
1272
24203
59442
4983
37605
61387
36839
51446
21126
27304
50277
57749
35222
386
16907
34571
51319
39875
25351
13943
6886
60893
8049
24279
63727
13263
48661
14207
8814
23265
19429
52948
11168
921
28528
9956
16418
40904
51970
47615
10200
40596
48738
59199
38804
46982
17569
27688
28812
31574
47569
7354
5753
27996
14844
25994
49415
52658
19415
32932
9076
22537
1854
45530
15542
3897
21422
58095
42011
21923
396
63899
26850
52425
2797
13762
1955
36392
24090
20262
43967
18197
44282
38051
15441
57324
42542
9630
38103
39033
55885
35928
67922
56930
43878
13219
67840
49398
32381
10417
68786
35289
64837
68701
54303
17163
10021
13114
3722
15741
65665
24722
66020
3965
37608
11770
39143
36506
19070
22960
36748
2715
221
39882
31113
23219
50862
48079
28934
34017
68911
22358
45878
40875
8654
10921
65738
10059
69581
8109
45571
9397
50243
59798
27580
9260
27882
51850
40770
68613
35025
9945
18622
17606
57886
34422
33673
16540
62075
19950
5446
38678
38617
7876
10997
7796
15159
25472
12065
25997
32257
8157
49599
55347
37060
68341
48223
61978
36544
56395
41085
57385
59641
42334
26454
1018
18311
60149
47090
55250
40311
52303
21464
29771
5618
26714
4734
67879
3803
68197
45034
5123
29462
25714
69072
43771
41872
20332
46339
37413
42936
69890
45617
22635
32486
59095
55201
46792
40169
25854
8566
31774
32492
36526
17367
47029
6577
23118
24854
41052
11866
22272
58851
21472
32641
64941
63399
57572
34930
51197
65097
14243
9420
59156
14909
37654
48099
62861
15928
35982
69389
9154
26422
24098
28421
28831
4335
65794
8632
47743
60576
52853
26988
12199
38213
10808
59804
68636
41093
33243
24144
45902
42135
69162
45851
15166
8496
66875
19852
50522
9200
50785
12399
66166
69058
62397
56117
63110
27452
15300
54073
31422
48739
55118
38942
64375
28384
69273
68609
1069
23525
62127
68317
35212
31009
67804
43081
59576
59838
17621
9353
26868
45246
62252
41589
63184
49020
25842
29565
17779
21284
58646
21129
351
9717
27689
28696
18204
1761
65371
15699
25835
69469
69282
65980
15605
59930
18302
14634
59899
67906
18395
18306
48802
28502
59016
33574
66458
56634
50557
21594
32124
3449
40556
863
8359
27176
35904
69799
13434
62825
42906
33432
27441
57250
26058
16045
65166
26554
50679
40131
1548
42706
63806
54949
46716
3624
46877
2388
13574
67262
33027
27712
505
60316
59844
62693
43845
3389
59151
4478
38380
52342
53867
4450
5704
65080
42085
68612
49202
67525
29609
2858
29628
3731
43889
32615
51102
10570
49100
24723
37846
22182
45299
635
4969
31229
32020
54666
52635
11515
31882
38355
48607
1750
19292
5093
67852
31062
13579
35375
21589
21483
1174
25668
44072
60733
33192
14245
49477
62925
54569
23929
22501
54747
9391
55124
10172
7459
13854
50071
63177
4069
30390
37140
49633
16263
20554
4188
370
18466
68444
47021
42947
25819
59914
36591
15997
47979
46633
50233
14041
11141
30864
20890
28123
38850
314
51482
40931
57812
19255
34585
22908
25210
33579
2583
67904
25502
61764
5420
17273
56537
52374
16551
2310
43688
34762
21618
56402
43450
44967
23915
64788
61460
48603
27048
31997
40071
55243
28668
37563
39390
22186
46413
53112
26782
21029
49739
63963
25932
2055
42310
1020
34216
31085
51557
52887
37147
13449
19408
52757
34179
45557
1468
3063
16530
67875
47605
66250
15961
30958
42846
29817
24494
32523
50450
34325
56744
602
31705
31096
68188
16607
57806
22750
38252
46379
67363
39264
24296
27229
17110
52437
59816
34753
40884
33980
7727
34862
37025
4578
6096
65271
16595
1829
33377
37757
30573
1705
21103
31129
62344
20284
28054
47485
38833
7303
36465
69040
25357
43203
22589
60324
9123
34920
58098
1358
23252
11788
19872
42982
61044
3368
43737
1213
29057
37376
2489
51961
35056
32538
58369
13300
20446
51792
24738
16198
34213
17934
33748
15888
13097
41960
20663
42314
48584
32881
8610
41830
39154
33666
59929
39037
2582
30682
40270
36012
48637
45895
30527
55840
15115
64638
47887
9773
7637
28511
11685
14215
61527
41157
66583
50386
48194
69681
13883
20432
68531
20746
44726
67731
68182
64603
51004
15595
34729
2009
15167
9082
18455
13000
61565
31001
1493
65927
60263
30532
8913
42244
42272
14747
23931
52255
48191
13817
61062
42796
22078
67455
61860
50914
57694
54084
26031
1135
6215
13700
17869
43859
63921
13509
49383
12111
18014
18190
35666
68964
63537
67876
68144
18711
67493
34068
27127
55938
6783
56674
40915
66750
38697
41938
69683
13403
16876
13489
58780
43922
46558
44
41885
23611
42933
5265
8479
51438
13793
35304
63063
27811
38271
22130
31887
28336
66776
33235
65908
9321
33246
66572
2776
40808
34085
40719
25756
66821
47454
2586
62057
35731
143
6157
56326
34517
62652
36015
32564
3055
3866
40221
65330
16407
1492
8108
17235
68251
14942
18690
48153
43578
37763
52081
6084
5282
7815
21787
36936
13676
8846
33685
44343
65887
33351
60255
47395
17688
11911
9948
41865
23199
13044
55517
17094
14607
17322
32364
43222
261
39556
37171
21944
39604
4630
62895
35657
69195
50598
21691
69018
5419
49839
22911
32048
53525
54029
48140
45393
26196
33607
66199
9443
65479
3707
37873
37728
29923
23967
26771
47823
55872
25941
56567
28477
10500
48649
43865
49807
23331
48517
55625
17079
6634
46431
17126
65084
50586
34611
10976
52134
60301
31297
41390
11203
58446
22008
30637
39565
43135
13184
20162
53634
12920
57948
30589
37132
43653
6996
27153
65487
45351
56224
17600
31707
46146
23410
66342
44979
57325
32279
46939
15745
54406
17758
64182
60313
8282
57826
56834
62572
43070
3330
24639
41416
55148
30899
14308
25032
67401
7768
62431
19495
18819
59705
19372
678
26907
0
65875
67611
13928
21902
13794
34408
8499
12668
4203
32522
55127
49110
44720
58998
29927
66761
50528
44632
35876
64516
62697
44379
21700
3231
51974
5032
68957
33315
43947
34755
57097
14525
63309
22492
12280
13490
2622
1505
13035
52704
55131
54471
11977
66669
54702
47533
27061
20646
39180
38831
17007
2226
38851
38143
3576
34645
16103
48606
63349
22661
41115
60398
175
58111
44049
7518
25774
61824
61166
4254
45521
18595
27572
31119
11898
27101
12528
56754
26752
28640
8508
12084
52036
25809
62586
28140
52200
20915
31007
63627
15245
59996
28455
63527
48068
48261
64017
65702
29193
24320
35553
54004
5156
2250
48956
17704
35312
36817
59057
14880
28669
62287
57205
17632
28666
24480
39487
28399
10819
2472
62060
59761
5161
26784
18692
9571
60690
38056
21958
34143
5592
39846
26290
64423
19
39924
65559
37420
45612
20693
41233
69372
66976
30659
50057
10320
44338
25636
18540
59852
40773
34277
5588
42279
33047
67176
22744
49183
20080
42087
37553
45388
42203
61639
23107
65065
40565
49951
41918
31784
66793
42211
22289
57484
54658
57419
26093
41122
661
60790
58706
52674
46535
27974
46293
26189
1530
6891
65611
64573
10353
9278
3651
53855
12802
39450
24984
28321
44080
16592
26917
40332
51390
19813
68440
65724
13783
44123
52637
18126
24774
33658
46362
40495
50261
52764
38928
12000
16899
38317
14190
4264
5938
23419
12839
64923
35374
11883
31900
1743
12828
63661
3136
53618
13249
18567
4995
55103
20088
50642
12682
58322
46759
8758
13965
21690
51983
31742
62479
30701
26915
66493
10259
21060
40407
40551
35501
45141
60369
60339
18524
56388
26364
2922
25846
31526
7435
25456
16160
52408
19875
14879
29943
53622
33722
28664
53966
31644
66931
58203
57271
39174
29624
31697
54697
16417
50022
14545
10752
65893
65923
44894
45081
8401
30361
38550
27055
30446
65346
37556
26996
30642
63704
42346
19017
30265
32253
47305
5561
37422
60577
40285
52201
44681
7308
8866
63906
9794
24486
20239
43671
46826
16654
20565
33264
15086
48771
13939
65074
9624
8424
58154
17369
43287
24620
48551
39097
45779
63881
18486
52230
65159
50107
62526
5015
43439
27287
42479
26943
57880
4898
40559
53991
40327
27956
41054
34603
9233
20244
17434
31785
8069
69111
58258
60765
15744
27967
2130
3699
8940
33464
29068
50696
54245
47182
63212
56858
32269
30803
60760
506
6092
49217
65009
994
33992
4723
16070
400
26711
50090
48765
44763
42328
51710
47645
29856
47119
41089
13583
906
38657
43262
41388
5973
58614
46491
10351
12916
30584
66833
33739
50221
64728
27099
691
31155
36623
37898
21368
57524
4062
15993
32272
17028
3457
18884
52012
44259
30221
59724
46259
64282
17423
52414
10815
57356
20710
31514
33314
26393
25382
17212
51774
56907
17406
14898
61436
4842
14644
8209
60192
18471
19612
50618
47588
61797
15817
48104
8711
25521
31120
36435
57024
39354
66935
40735
19961
67356
9433
18390
69427
23351
13827
19186
19513
11983
30019
63317
22366
10033
54661
4944
57769
26882
60716
27856
42463
11334
31666
62654
41414
36522
38153
61124
17242
14963
19091
54028
44935
31187
56167
6716
23574
8882
39334
50861
55957
37964
28419
40515
25597
19894
47413
21836
26150
50349
46704
56548
26580
53178
31625
15619
60236
57056
22593
24071
6792
64408
9521
30025
5347
24080
3131
15239
10878
57964
52045
30159
12592
26838
39468
4703
38756
37711
68749
23230
21299
58617
36711
65932
66667
6953
2008
62682
61442
10283
24267
44029
52509
28441
47239
4194
57463
32982
28979
43210
4169
55237
819
61951
18673
21653
57312
47243
50815
15410
53756
43489
47655
55377
18105
48067
65383
67237
32778
8313
38225
38530
6616
47652
69618
67710
23670
19543
56447
45382
1136
30044
63988
28388
4205
60890
67895
21762
66673
2024
17309
52135
46861
36201
40168
43098
4980
47980
63270
59701
29504
58380
48404
10826
4215
21626
42186
59503
67126
67163
36514
42401
57596
49450
54585
56226
10575
43728
62157
44876
15664
20683
68033
35336
60830
28936
51518
356
62982
24712
54832
44756
35026
23752
34596
39429
39104
68408
30115
2459
39193
62515
67404
48906
58768
25830
32822
11577
17358
29754
4260
59262
42288
44235
64345
45048
57019
51590
57575
53986
35685
1061
37962
53150
32297
20200
37064
15198
40023
16662
4495
68168
46498
47913
59917
34831
25848
47117
27656
31740
2644
51232
62712
61934
32330
62676
1567
69912
17460
29867
62468
7225
25196
27673
47076
18401
16817
8624
56250
18564
25156
16415
4259
2701
22193
64188
24235
53636
23744
13949
58982
8186
39019
63976
16552
23280
23191
12641
38619
17214
30757
39750
7287
580
2503
4313
53520
29007
26271
18788
43281
1188
5864
57077
32271
37078
54965
45317
47757
46546
23552
7499
23539
1558
69930
28855
2074
20911
31925
53340
49085
29450
25169
37508
13932
9563
43879
36648
58531
34671
1959
31794
32099
29557
15587
26300
37177
32050
46178
7511
42471
57034
63341
20487
33744
59085
31246
13797
235
3778
57678
51575
1923
64499
16441
58324
63614
28237
53779
18921
54576
2203
11653
53410
40299
36512
15289
33352
1734
68005
3478
69561
3263
13225
45155
18994
69501
37445
62231
57289
3641
20616
58631
45402
40337
26096
15051
10758
35568
26224
54327
17004
62641
45907
32232
1011
14480
59518
34579
56187
53887
19391
33519
28655
53058
26630
55605
58071
66732
58363
1540
69323
7352
3425
67755
25485
24977
11379
54367
24617
42024
31917
56008
24094
67289
49540
636
69330
69129
64044
7950
56572
51930
1831
18050
53201
69482
51741
48568
13296
21347
58750
62574
21088
59902
44461
58270
25594
64673
52535
30799
51846
4657
67660
42602
67291
42617
20480
17582
17297
21356
4838
57156
64485
50439
61203
20285
42204
61296
3775
28944
6741
42399
25930
68631
24744
620
52125
37933
41068
29767
30759
60312
11754
5053
67416
1880
31687
50293
23154
27344
57038
69620
23898
30401
31064
51579
67379
25441
64323
54655
51804
23485
59927
58188
41148
27534
3694
61983
23630
16939
27332
11554
29740
21332
61088
34594
53556
69446
32906
29386
23864
38509
61752
23164
3996
48704
3343
32018
16316
19576
68774
35766
19202
43915
67274
24045
59025
20767
30880
32923
41936
49850
56201
52006
62173
3259
22601
61246
16727
14161
25487
8216
42821
12350
51551
59410
28653
29928
19481
12155
20827
37650
16524
12092
14935
41945
46932
26429
44428
62787
64204
54281
5804
20845
37399
43059
10175
55807
91
35858
29967
27453
24514
4564
50105
60433
6407
15864
44522
25230
18049
56383
57053
13954
63670
55826
17159
27444
2987
19336
11055
46622
53439
60917
43331
22315
6730
50636
50279
42793
8622
30347
37554
35631
68260
40876
57454
59433
16602
63978
55564
37935
23834
40170
19406
40837
67916
20972
9214
63025
20324
25368
52695
52308
63821
39816
9965
39948
59027
54359
63629
51325
647
40580
6526
20774
3720
20434
44372
38490
1536
27684
66660
49367
22448
28585
64412
69536
2986
66437
36962
52942
20686
9637
49616
16484
42302
29611
13013
21502
40155
50552
25532
49191
66873
34742
34042
52109
29578
60862
42999
16060
27346
56752
12055
32281
67518
57010
30875
31071
67180
57867
30005
60612
9542
53424
59749
10292
11005
31699
10391
59370
27925
45026
14484
43596
29521
37251
36044
35286
16651
46168
52773
56223
54686
2109
3510
67260
20846
50790
24713
23944
2818
19230
7178
46901
39086
18243
17475
2947
11672
37370
54769
23371
67338
59843
65956
34293
11235
28389
52873
58026
69544
51299
35859
41506
30569
6113
32855
7462
6277
44766
22494
605
36814
53932
8284
65098
26243
4879
38254
7401
50524
18947
1395
2111
6537
12946
35223
38543
36168
50993
21778
62363
53128
33937
18704
65306
20233
22363
30692
49789
46464
35850
66248
56963
33216
68254
49872
19342
31114
66798
27184
12328
54136
67191
14667
53226
48688
39474
5099
24301
28375
5944
68735
29884
57644
13889
59627
51186
61431
24824
27591
60121
27564
46269
39215
35636
14821
67590
52784
56592
66974
1552
62254
62504
66234
20369
64874
13122
110
44453
59339
29916
24666
22033
61501
69156
66665
45839
8541
44538
31144
15352
4664
30565
26127
26576
17098
66236
18400
68065
1435
9729
43664
23413
40197
48847
15672
53868
4533
46868
69715
18287
32104
37367
53365
45610
54262
34473
58041
44635
67101
13813
3527
22884
29786
53132
31472
35170
38588
21026
44988
66532
47819
46987
51538
4680
20073
21305
21612
67491
26700
66702
50391
20820
64425
12416
16239
2837
64290
887
976
60573
26338
49795
31014
15455
58279
1949
9582
13174
29777
50203
59365
52633
31069
21569
40582
42560
3283
18178
43981
52423
54981
38754
15948
8430
55146
16770
50849
15452
11260
68047
45043
47003
17917
18461
61888
59680
25894
44137
12302
18772
17442
29730
22329
61630
10226
63427
62340
1034
13385
52676
47794
3578
47844
37818
41624
9118
53479
1207
34318
7293
48042
5946
39942
52905
3172
64211
45640
38566
4752
30263
18651
27820
21633
62809
26495
41511
22898
48899
50309
35116
40655
29046
22017
4720
60534
50024
27647
25443
13486
7548
39911
64194
58804
38739
36812
27858
46644
63846
43529
32494
33176
24505
12811
8230
69095
7608
12319
48979
56221
12015
64582
43769
31579
49049
5364
65226
5306
67386
24798
40264
48844
63096
11469
14266
60458
13469
36621
53552
55252
51867
10980
1617
43466
67783
48598
14541
51871
31066
53170
13685
32329
15286
8161
48483
58903
46227
49300
19719
42512
51400
35670
32961
35408
57223
4981
8142
2217
21512
56552
18738
26849
39841
31549
54657
46537
12645
43353
67586
28067
43282
6814
39079
36933
59112
40546
2642
34978
15382
66388
18012
52522
3888
64220
59100
21002
29477
42981
48168
37672
37974
37174
24790
20982
56823
11843
69038
54254
66222
48673
24019
45954
26823
25497
21956
24584
18159
41322
44658
30675
50777
45918
8362
17195
2903
4427
37164
45296
1512
44745
55207
52105
2013
26329
125
36835
39161
56830
63355
31746
54444
12805
9285
27078
32511
32198
8
4769
68899
50194
19224
69751
3054
61762
14666
35952
68017
67212
53018
7189
37050
19561
65858
56668
50902
60825
27808
94
9820
66305
53947
21930
46942
64703
32927
10160
18008
9266
59272
65490
19384
59484
26008
29855
52137
4316
28264
39929
22524
60908
58174
60008
64054
56400
6402
4777
50465
34002
45501
12941
24710
36065
37359
11650
29098
3012
5267
61733
28379
53642
53499
44341
14079
40740
17589
68619
56908
59664
23606
19221
48319
66845
20192
45522
17287
48371
28312
5130
42369
44475
23903
61725
29517
34764
55074
55241
68873
16133
35922
59429
33758
16558
12295
3634
23883
64041
32173
37440
16067
19296
68449
49234
48559
13470
10739
9337
54242
48102
48138
51177
28663
6910
21273
17547
35751
13023
46897
22438
43682
42699
64538
27804
51099
2285
13916
55493
54362
58247
43237
52973
37007
34326
51632
7701
30460
20600
34329
61215
7516
43368
51054
4117
23979
31336
29719
24017
38214
801
52696
29514
47839
66748
23927
68181
11020
42296
65478
43498
2747
25393
28083
30952
31379
63920
46105
11124
29226
1101
67812
36121
63463
44659
2316
48075
62266
32657
35046
66448
17146
7481
27644
7327
48055
56080
54387
331
33928
58572
37137
10559
42124
19613
64440
2058
48955
18874
66733
47968
65358
8296
18462
43036
12456
19741
29774
57471
37217
43927
38360
3315
31531
19777
47720
13639
68136
14580
13539
55225
88
40825
33274
44996
20770
53746
68306
28338
62188
14857
53931
42798
38476
65227
3482
19319
46501
6095
51517
62598
55440
18559
39225
39749
26572
67205
844
62393
44573
51997
26921
34828
36987
51947
60980
14954
49309
67962
27463
9030
26559
18827
48471
12184
51370
8638
50425
37752
57304
35494
7833
36956
64869
35759
28764
21689
45439
57239
42785
22994
54875
7741
33188
46452
11576
57225
57495
26385
61221
18288
58325
69003
43894
18719
59404
2709
24591
51668
55378
48317
38366
55935
63698
62387
15730
40625
59856
42200
36910
61416
21350
52786
3581
59973
39111
9128
60827
44327
32457
69704
60488
31650
54800
67958
59061
45910
56269
59184
20301
23798
51719
14696
39530
65759
39318
55213
58190
5928
42055
69256
18001
33284
38342
5627
42642
35258
30510
2083
9068
5911
37453
31292
24981
29215
18616
68079
4363
22878
44499
40147
36631
17788
36039
31437
41828
53234
3383
69231
30852
501
58868
24123
44543
34205
39395
40521
36792
27871
23376
2671
8397
38177
11921
68766
60674
57617
26023
9229
38806
43213
16352
38929
12605
14783
3537
12876
49957
38669
1792
54300
11247
36216
23454
43968
17594
52652
50721
44485
10993
6344
69752
9821
638
36837
346
14617
39499
7962
10679
30972
12225
17797
47067
1364
44874
21791
30638
7113
69883
55577
29945
64112
38478
60694
32733
35689
18187
63786
46740
20092
52957
43861
4821
24284
41102
8861
19129
42215
31657
37849
4143
20441
6610
31525
28258
19972
26194
8697
64449
20901
7310
3799
32113
23067
35756
22477
51140
2935
63431
32692
57777
41848
59477
36161
21797
35562
60028
10939
62010
61205
18421
45919
3304
69336
54797
36300
12021
65402
2381
50086
55438
58367
42717
25796
2153
10675
67014
26086
58960
66151
66245
52940
17346
2969
29710
8258
14533
22262
26534
55158
54282
51430
51887
46245
31757
38782
27805
44825
24124
43944
60371
21557
42615
43175
67561
18120
67244
31008
56342
44636
43698
30322
44069
27354
40443
64549
273
16768
10998
37886
67432
10972
45805
2960
20850
24236
69537
7965
26020
49542
382
10130
50616
5193
7886
37732
62668
1176
30754
14845
41217
62660
17065
34191
35231
33106
27239
23937
66152
62562
41099
14126
2031
28700
42378
50718
61021
52634
11194
57231
48826
31615
55462
12530
41058
34599
33631
50563
59755
24139
19177
63279
25760
18192
68472
4460
66310
63743
200
48715
29572
2998
33407
60699
5185
68217
60033
30742
47814
66371
43993
64117
31388
31692
66696
5524
57662
21683
45821
63745
40416
27335
34094
3939
10645
61341
66687
23309
42432
25907
16082
29167
24280
53470
6745
67934
51897
11564
60521
7374
63779
14981
38114
18727
9219
4482
35790
12690
10019
38954
33010
17750
66537
64087
6520
52796
32392
54040
7434
35349
27961
68373
69479
18824
55288
61748
13462
20382
49154
32343
2682
11374
24102
45255
6081
22332
5725
11070
46625
41969
45239
65936
1528
60472
40448
54837
19606
38389
29831
22684
69232
6786
43723
33536
50652
55578
53625
51022
27910
47841
5947
40788
20791
15645
21790
4956
3503
3034
17437
43499
51383
53650
35514
51192
39379
26937
444
1208
65691
28012
28163
40602
30321
52831
39087
50014
56945
58131
20985
8495
67359
52976
3607
24809
23475
57845
13772
9859
28605
24344
27991
60873
47943
23785
12412
29702
23277
26272
5514
897
61295
42639
63040
30370
12789
23573
66326
55786
62052
6235
17456
1968
42822
29205
54195
55972
33151
35891
51008
19033
66839
19092
46883
28334
53593
68587
31844
7218
67437
28225
5464
22991
44420
46218
53193
8695
20720
30918
38349
51922
23994
33660
26382
28978
5044
53040
29897
34838
65990
38159
46189
49128
56528
69481
29731
21806
26354
26415
45419
28147
68997
11038
14925
69505
24704
66904
64691
5693
37643
12816
59572
1917
63654
23641
68554
46717
37829
68340
6130
58135
12765
348
61895
3636
65081
23500
35623
2677
50021
68483
25046
63079
63986
14861
42579
32945
18657
54112
9282
25647
66603
40341
8429
20015
51510
68243
40339
19520
61022
38112
23966
4518
55319
33272
14943
11432
27220
22843
27765
23007
50994
59620
33049
11148
49220
7770
13989
44116
44668
64599
59683
14584
6177
61720
46284
48200
61948
20236
8927
16947
47967
63612
58520
38980
20358
58242
69345
50003
8453
31745
50055
45001
10270
6242
51646
11671
52254
19918
27143
53653
63216
35409
1262
410
51988
60449
21203
53292
55006
37559
25563
51369
39622
38791
47576
45366
6680
12367
1823
4887
29
26795
58707
158
38251
42504
3563
12133
41752
26904
44360
20578
39562
38612
13260
3395
17449
62283
17247
44796
56416
19604
68520
5817
6950
55111
39930
2102
64068
1392
20410
2646
10162
32979
54476
69454
10627
54117
12960
26952
68715
2049
28112
26947
35059
6956
20224
50707
34433
21386
36378
57939
30910
35457
25192
68848
63678
69493
38832
62996
26473
69670
56149
58570
34739
61678
45065
21250
28881
11290
19681
61783
46876
48180
20518
39119
51826
25470
61250
51173
63638
14833
60492
45168
32719
66075
11546
52603
57126
57084
45094
14812
15545
38957
39526
53213
29559
50712
41325
66745
60067
68789
29917
2486
35762
50534
29908
28275
57766
15984
47689
51728
54608
60971
20659
45290
6332
23587
4048
65613
27798
2686
29005
60105
33905
59583
52316
33711
68600
19207
51146
28131
40954
23115
11010
54329
53503
66026
46080
35171
52288
59146
15580
23516
65678
9013
6484
19620
24223
22741
34219
52072
40113
49098
59754
24111
16370
47565
18397
26593
58329
27998
65303
49735
24900
12087
25454
60585
21602
63283
42177
481
50750
17588
10333
26367
30416
3210
22577
19080
21165
56619
50654
44465
15690
19779
68319
50835
65694
12476
31851
28314
66281
46671
13672
46176
48954
36804
59084
56146
52093
14173
16212
18840
26690
31172
54751
11807
17404
30123
25917
57942
47374
45607
48259
66471
33933
66190
44470
37902
37087
34535
59019
60858
30157
4426
59464
36608
39335
13538
6933
5043
18886
63022
69210
22310
6237
34130
3183
12322
53304
54543
43248
54499
63443
6074
57058
18629
68318
41429
27401
38537
9670
58361
34208
9943
31863
30229
13158
14117
54689
21316
32765
16522
41106
3011
51304
26358
4641
1430
18995
23
12382
32988
33719
30461
43144
67332
17769
69927
26858
4569
47638
36856
14296
37374
42224
55499
45354
12219
47484
36950
17044
3776
43133
29616
54428
51188
24365
7038
6041
21624
18079
42722
12660
31719
4708
21536
44749
278
17203
56001
35428
23697
24711
54786
7620
40095
6937
19281
63903
60414
65671
26038
2526
55908
42800
42669
61147
28400
54732
395
35748
49733
5622
161
62619
6857
66584
32856
4677
40076
19220
63124
61894
11798
57850
7449
54518
1332
56034
13285
43303
860
63053
352
55752
8173
44474
51092
61404
10087
20290
23125
63244
51213
32683
30658
59732
31017
30093
3912
4475
7307
21225
41025
6364
25696
32908
67150
2549
36709
16755
19531
35774
9175
53495
28950
16811
45109
33392
32821
16451
42034
19474
6060
68734
10439
15789
28846
19911
68930
65032
17794
59908
533
57464
11327
13792
4419
12911
15018
64389
6337
46222
10872
64674
18231
8509
24915
63792
42397
52529
14869
3492
5091
52640
7643
24092
13081
30661
56580
38224
67574
58981
69895
61073
17678
52234
26184
5739
63132
15359
66407
36324
40576
69875
68174
35940
23866
5577
51623
13423
5368
21198
62066
47669
50690
55142
23260
67835
52662
1006
65162
40934
34855
35037
59068
56800
17112
36873
65900
32321
41055
58663
50476
36757
51732
53818
28272
22386
61675
13582
46624
22739
60357
30563
15425
47081
22276
12521
10111
11366
44615
28095
60440
13312
33247
39664
47270
54963
60325
15989
37771
2398
35062
26872
19049
67641
26199
42159
32209
13201
58221
63405
34735
8682
57912
31951
58515
69303
29877
47666
12463
33354
58961
43440
14770
21810
53560
62102
46032
18965
13838
14357
60925
18475
51148
3191
63571
68305
18434
28507
64894
599
28377
47650
7328
40514
55841
63174
15569
39668
11994
27686
4849
11945
17318
48604
24616
23404
22013
51622
14023
1211
17927
49011
35226
2752
18480
59182
45254
39196
31937
42082
44309
26269
29634
24350
8172
53176
8419
69590
190
62293
59384
7863
47552
24755
31369
12874
44818
65022
25787
62750
59994
55094
38121
8197
29110
46342
8639
59134
65822
18118
28566
37986
32282
34786
40478
61115
16385
67981
43957
21504
42210
12042
23420
60911
63606
12067
25968
55410
49659
6636
12761
38146
57467
49650
31793
10790
51697
47696
23278
12188
10044
23581
35000
52840
4119
7570
51706
7343
55251
17659
29014
62575
49712
36483
33798
35579
39054
2399
63321
29315
21714
66212
59109
27248
10126
22317
30179
2557
32548
36582
64070
18603
68704
25090
8463
33968
38460
3921
7341
51336
57432
48942
56637
64137
11614
33270
25050
64498
54982
8836
45203
57103
64946
23020
1350
67304
38275
62399
25609
39874
43125
12256
42942
3567
5309
22613
41165
16833
33215
48082
6132
26330
34968
3889
21397
22518
8093
10209
67890
23340
1564
65651
5611
52479
51541
40279
38651
18859
54180
61651
34022
69197
52097
25551
45166
46673
36455
11319
27400
22257
64688
49418
1484
31243
38719
19743
68180
26842
52511
7057
30882
31076
600
69462
57610
53539
55662
6086
15302
39179
15612
34267
55647
55839
7623
25641
69375
58094
44954
68451
69343
58308
59558
45072
19521
52051
53838
30665
25514
440
57669
67594
68012
53883
31104
28344
47206
47708
328
52683
44423
1508
54426
18852
41688
53015
65782
46174
14087
2745
66662
41767
17653
56021
64090
7247
57106
11002
13769
61869
13752
30313
6948
68589
18589
6103
24467
4387
34760
69159
17191
27754
40793
63482
32515
7366
1248
27100
33542
51654
63151
20917
28200
735
7464
44504
41383
68269
15201
10608
55544
66141
44585
26871
23835
56157
58114
69865
3118
4149
45319
42019
2504
7213
69893
52236
69963
42440
2817
30285
42998
24868
49531
67708
42027
44906
66599
54445
47496
65540
67127
58169
15242
60106
54936
65558
23780
3021
63695
53509
69196
60836
63707
50153
43720
35516
53291
40511
53572
3916
32248
54034
1768
34636
12438
17780
37852
13540
45725
28897
11503
52609
10078
25238
385
35633
5399
14066
47580
2239
11575
10452
36473
64772
15643
32619
9500
22605
8712
4226
59832
65811
8602
8368
38589
50638
15185
30414
12647
61618
38790
22209
61318
30497
58713
55107
59889
46248
66502
30624
28088
45752
25769
48267
3618
37546
11696
47094
47959
42630
30823
18961
53562
54312
19304
1993
34658
22360
40185
28919
36708
54785
41264
56265
62313
9008
42099
66971
942
4568
19409
31503
42643
21193
33676
60607
33644
20927
68454
53984
62898
10726
44175
41244
18439
4358
8315
25849
53429
7083
2957
51163
45468
19181
30259
67214
56347
39009
33915
68231
6159
13347
16122
44297
49120
54520
10261
38137
1165
62244
25277
48689
185
40598
60813
34737
14088
39416
5377
52196
19330
21141
17838
39540
10493
28691
33107
2140
55606
58016
48619
21453
6994
14832
10634
37415
55384
33460
14625
58509
68672
17017
25493
36880
29081
34195
26845
32436
40621
24325
35366
33967
31219
24929
68084
55470
53271
41510
62502
6694
36028
28270
29101
45056
38010
1845
60563
22295
55818
40186
45817
16105
53658
39175
22454
36091
64100
8254
51153
52363
31491
56794
60498
28631
36480
38396
5084
60854
34231
8578
63506
46133
60676
63585
526
59418
27671
35613
18506
2223
14663
23152
15099
52995
60870
53244
5441
34209
40919
43689
16691
1212
2619
14263
58217
8941
10323
21751
46972
47160
37408
33921
49464
30193
52434
37335
16758
16871
69145
56766
6943
11467
30550
54619
12071
17737
52711
66318
60203
323
62905
48275
2471
51563
62452
24840
52876
62914
7078
68264
47872
24816
54691
34283
34201
5936
26470
36479
17493
34344
1083
58623
10371
34616
48160
58204
57187
31095
5783
34808
12694
60126
18980
38704
63522
58540
44262
33598
19254
47849
4787
48464
15840
21829
48748
53526
59746
63202
48878
17772
45386
22047
6678
66983
26647
23084
56174
9932
21016
53373
56689
65907
60532
45430
52225
26344
41024
36791
9856
62498
57013
27648
22442
51405
58238
30886
39665
54096
421
1062
13850
42109
43870
59217
19556
31546
40608
13732
50237
1357
48211
21475
56169
14660
60173
26049
48926
4825
10286
31720
39489
52886
38003
5344
27148
61585
35119
46818
64095
21913
65099
27877
32154
37901
63460
22579
21529
6325
27560
45774
50144
12148
29470
45080
29442
35885
39447
7484
47159
4924
59421
29002
60631
31843
27558
21014
15596
63668
47698
45593
29769
21893
31081
58070
25300
2144
33990
28901
2050
27924
36062
46310
38418
31434
24212
8627
35863
43798
26142
41697
14326
6497
31225
30106
62508
25027
43778
46058
52559
5834
54440
58886
55016
26589
44841
28740
64169
16349
26505
36366
63389
47798
43876
37068
66848
20159
38706
52095
67337
56306
16653
36450
39312
56964
1870
25370
23540
16479
14080
57686
69382
46615
42236
67993
58051
66445
13003
21802
33802
6869
39511
26577
33038
54353
28624
58496
64127
65475
46286
26877
18232
68207
52952
33552
65435
16809
956
58782
26319
35134
33073
13594
3000
59081
64820
45083
37931
11000
42152
9183
25026
22573
17455
29583
2541
20716
2559
44812
64978
32901
56465
41815
23234
9398
38969
1256
42762
46173
36186
11852
8039
63324
60402
68788
49456
66803
24445
21375
32592
34560
21180
46544
3083
59474
63192
65572
46956
2741
38561
51194
44301
15062
59811
21940
36556
10328
59198
12261
60951
62046
67004
58028
40942
50070
40671
21726
3857
43433
18769
26155
4496
23416
45620
325
36818
52923
55313
52318
18032
42852
5159
50575
33326
38477
45598
26424
10422
19768
3370
50433
54920
36188
37388
1855
17227
36638
12108
25827
52766
61446
38761
52655
20098
5677
10614
23104
57652
62184
13595
29924
38030
6614
65817
16107
48192
43932
66207
68366
2201
24649
21277
50147
48648
55629
41627
56370
42784
23330
55730
10365
9036
46761
57424
63773
9018
26488
21400
62824
31446
6405
4595
57615
30915
27202
30469
61935
24587
15146
31275
21371
61141
24300
40686
57412
53314
52617
21106
54159
68294
2968
42944
62775
44125
46237
21240
27303
57888
23338
52946
7393
13673
62336
46390
13089
64966
64295
69951
36013
37562
51486
26941
17766
39790
14402
16325
41238
16392
22611
61125
23178
9753
57687
58528
55765
23198
20997
40786
2156
62288
50466
51746
3614
4776
14059
27834
36371
4231
33765
59731
49400
22852
23308
817
69527
15830
30334
49420
68501
1578
15820
37870
35675
32301
2452
64391
24553
21164
67442
45694
44744
6954
61554
24906
49628
69613
58276
62539
34000
32426
69463
32983
66546
36155
17857
31935
35761
56314
33799
4472
50953
60537
5428
47897
19050
52514
59763
32754
16599
35379
28981
36184
54003
49817
49196
12529
54473
42764
63896
62493
41265
5905
47326
63287
50444
64006
5329
51653
10920
23594
8919
6591
13846
35542
55336
66183
36788
42470
26914
42175
32876
27685
46384
2894
42487
58940
60179
44534
65031
24148
34309
60875
43648
4001
3599
6650
42095
24898
67805
9920
61628
4982
33795
19906
65781
50939
44679
11003
49397
59793
37812
40536
34936
51180
23520
49024
55869
58447
61730
48682
60213
49197
25745
69897
43913
64546
5999
10593
66341
48730
1532
30670
55206
63820
57453
38353
43238
12051
12398
49271
59622
26624
60372
48783
38858
1952
43504
32394
53346
55642
40209
65180
15230
18381
46228
51589
22691
50667
5246
11006
40798
63028
6209
39587
1013
63579
24075
62441
16012
54183
51500
2543
36137
22163
52977
55202
14597
9714
1688
21471
36429
24035
22484
64328
51098
38193
65231
64171
9048
29390
5791
34931
36715
19887
46998
49458
33768
59327
30139
67242
18669
57379
24931
36241
17497
48446
8003
37972
31103
5208
68811
5277
40015
8513
30404
28533
64439
38958
55785
68839
9276
50104
57684
40245
65238
11487
34043
42025
67481
3646
7958
64533
19191
35136
30749
7513
27049
37819
12629
48184
3428
44540
58759
24676
13383
62439
37963
34593
12730
10188
44868
28602
38568
155
28734
31425
2672
21491
3813
40810
43871
21486
33907
33470
40785
51122
13141
8704
50701
62857
63179
47256
35113
68224
39000
39559
62803
11370
25607
8061
22899
41397
4591
862
16354
59868
26643
4474
14030
63397
11645
32609
54703
40277
17950
8611
62583
27734
10467
41626
61367
33229
20538
62296
49508
45795
23579
12760
45365
65369
10685
66842
29192
3660
42330
61514
49964
19544
69747
46201
16550
60655
63677
42872
38263
12973
21919
22655
15815
60575
20878
33034
52767
62203
51812
1255
48017
31933
25663
51901
50364
34944
35367
29051
59967
2821
56228
17106
11851
14815
62942
18600
39534
62460
24041
55918
4957
9267
36322
23428
17898
13991
12045
37884
26043
45941
49943
41505
30506
9448
64954
42754
26578
17353
18308
8082
40739
44199
44850
67095
68045
56600
13168
3700
60684
20922
15559
23363
1455
38479
9566
1708
62014
18422
23810
27843
26560
26931
19975
7769
63669
47795
5254
48895
39625
64000
66344
9854
29130
48459
13075
28168
15490
54940
26787
46722
8454
25239
66930
63559
22791
1720
65674
38395
16489
2899
20930
56222
55790
7173
44861
39545
11547
13352
28172
50859
25501
1722
55001
47001
57462
50342
69642
60935
40987
5104
1893
31528
24990
14277
10951
23324
42675
61915
62514
46340
66311
54681
22039
59767
59871
25248
10316
10769
34703
55423
13182
10604
35855
34082
47048
58118
36692
24437
44452
52677
30224
12005
44086
55926
47810
53769
12
69508
408
34182
809
52810
4935
57227
14250
16358
37187
66470
22265
2566
29978
6841
54343
31675
31480
34441
34164
44799
904
60603
68499
37079
1856
30574
7900
51151
17901
67715
1393
6286
1318
1882
53149
15686
27726
53570
42611
66368
59762
59848
21427
49349
29124
23025
52393
56343
21439
49286
30030
15803
52182
9643
9141
62962
17258
45372
41823
69208
55500
22346
24512
43461
11292
15015
68436
434
56098
11872
57972
46471
54467
54893
2814
12670
17383
22123
25810
47589
37084
23970
5569
45222
23441
44203
26005
43693
36406
19046
8855
54441
3257
4282
15264
6935
12144
32521
24013
51542
7077
12397
32216
4930
49295
68594
7595
66543
42695
40502
65496
7215
22627
43325
59255
43971
38354
30434
555
15552
68357
36313
51677
68342
64626
16571
65164
22338
57215
7141
58288
8421
16829
56566
26515
62841
25925
18743
6120
14930
41537
10342
11119
53716
51709
16797
28885
15163
68747
62345
33755
41392
41242
54674
27424
1523
26698
15098
4881
25129
18528
59075
2220
42741
28759
7918
45523
24028
48753
10768
3516
5239
42283
49382
52585
50954
45776
14491
39052
62039
38853
64949
47103
33014
65802
63736
53339
65400
47761
34411
25876
34169
66545
59069
48195
5112
42878
56364
984
35646
21310
29382
9922
30070
4750
10454
63993
27295
24559
48813
17896
13632
28219
59299
25105
54621
1115
56652
64468
22048
19089
617
55623
40543
5966
16736
38658
18625
966
48018
32300
11095
48031
49262
6282
885
15748
65004
31902
23827
6524
28311
68466
47889
25381
52689
9195
27545
47931
60922
38798
36683
34741
6128
20702
39776
4041
45547
63384
28359
52611
55049
18085
42952
35512
63204
63259
40050
53303
10147
67267
57264
11986
21642
7347
60987
51030
65000
21674
10926
6129
6581
13952
68986
49896
39619
57245
56646
42749
45291
56673
58954
6803
52645
5453
53231
59041
53347
59248
16853
64679
69641
2364
45112
37288
47032
6743
32604
20944
46279
26986
49091
24164
50787
12736
35517
47954
36413
53553
3609
33175
41460
12806
67797
63631
50764
32475
30889
68447
17753
40403
17393
53600
32472
59443
11916
23069
54196
42774
32602
49029
57504
25669
58736
29120
13271
61386
29113
53992
62594
37262
44532
26516
6494
26244
20626
13092
23632
26120
45087
45929
66692
68553
67165
17806
31569
38621
20445
9970
37761
41954
43787
8462
69147
52627
63613
53033
39528
17457
59661
32041
10842
39697
47769
31824
51789
21854
67427
67207
39793
48463
47202
22549
2077
48159
21641
36735
5335
22341
52440
9977
53551
52549
30903
54871
43686
19204
53671
53750
39420
59312
23701
3764
35533
7997
56422
2356
54861
28574
64557
9355
66196
39687
13824
13185
52416
44986
5841
37919
68946
35166
62849
60334
7785
69188
54993
27628
65111
64368
5457
12978
67677
14971
23247
9470
53698
66476
32417
6303
39869
20002
31398
46504
59351
35894
38602
61986
15471
3990
50449
899
47360
2025
10218
19770
61731
59374
48851
42351
25401
36153
37618
7594
67087
20334
35416
48264
57196
7349
25805
25140
44739
68400
4077
63595
16952
34626
46172
16974
26082
62339
69916
19888
15426
3044
49805
7706
24631
31958
37040
46741
66539
58795
10464
28148
17463
24544
31551
57811
13524
5435
66891
33597
32484
69532
2446
9451
2844
58676
40528
48111
24199
65536
15463
2862
65125
20700
62411
24274
58876
41304
15824
1245
37330
63927
37533
26232
23488
61388
15857
47084
8257
26171
40461
18489
62629
25219
31391
58037
59557
37585
6417
23663
50805
60627
34064
21437
60725
3893
61552
13250
25058
14691
61555
47229
45443
32003
55413
21922
4755
16778
63493
55430
20305
29093
30359
56010
65332
5664
67171
60197
68405
19926
15608
22050
43449
50937
27125
47313
20717
2001
27081
1472
24675
45862
20935
55891
60444
9222
38866
50135
40972
17824
5400
12618
43901
37634
59210
27943
12984
27011
29571
60338
27316
51751
50454
26313
10325
28144
31285
38169
42385
19390
24399
1091
5131
43520
47350
31458
64463
28426
56948
10273
36894
43340
54093
6789
58729
42459
40641
45893
42324
13402
6708
29301
61255
45793
9671
18747
45306
32655
13924
55519
69733
18451
36931
32242
68910
9928
41957
7510
69793
2359
7843
10123
3808
17336
61932
31362
53054
46713
29044
61243
61473
41081
23553
26053
9176
3189
26222
60377
59562
3638
34563
27612
39051
67019
7429
12992
22940
10653
63156
33576
53735
4788
60912
22532
559
58062
22110
2514
61409
66668
6105
50607
51283
48385
34618
40729
32332
40396
8972
33516
33541
17249
40980
58879
53014
16911
39701
54562
8008
39458
66132
14697
55393
30863
18789
19594
17061
69201
25963
7765
23922
9177
58847
44109
28687
34328
9554
58920
37167
40714
1956
49050
16477
47468
12020
18737
13875
7090
33336
22743
37793
59060
46954
2150
62671
45704
64309
41152
68117
41567
16742
11703
14808
2940
61591
24372
5964
6901
27416
20765
709
19009
43606
11870
27091
21294
21104
12074
38350
23563
26526
64279
50459
2104
20787
2214
20852
11267
9505
54501
18750
50508
61488
12637
5128
66015
41174
62217
26363
42791
67020
12864
43096
66867
44564
19122
49726
22506
14500
15936
55960
45039
64119
61825
67439
258
36703
19422
61878
65533
60501
58334
29031
55
18182
46733
2643
1742
14061
8132
39268
58010
13147
19775
30232
24485
16954
19610
60300
1040
62031
64419
59618
4303
64481
1640
64696
639
26458
15856
34622
45890
41901
35436
34140
5092
19443
49563
68051
27471
5559
60599
20763
14331
46933
67394
63880
57541
34809
54507
61009
55631
28433
57011
58639
55439
37421
7379
55329
20365
35909
67387
8608
52481
38278
52465
58455
2119
31516
13993
24627
33221
31271
35526
12692
32915
32224
43960
56478
25776
6245
60103
40145
58551
7360
14013
48594
59292
45078
54872
3152
28259
66006
58834
31213
14260
8154
53409
4970
3942
10841
14672
30410
66280
25193
67648
2047
8702
26420
42599
38953
42045
30220
24838
7325
31622
27403
35721
10990
66508
57951
61183
18031
29695
44398
39713
16942
63045
26883
5978
9092
12473
1822
63247
8126
60152
26035
51414
22814
18137
10210
13356
22228
7911
7270
45514
58151
49598
44333
19403
50128
50996
12141
50186
43202
38742
35615
51103
27623
51313
11771
14546
36943
27188
24316
26359
15326
1795
44466
1480
33126
55421
68918
46612
49565
51433
31760
60411
19786
60664
29423
69492
32290
16861
20399
16745
41464
46401
46946
69203
31833
58372
41642
25536
1058
16671
60897
3601
51830
13897
29589
44998
12968
23271
10937
1958
67239
69307
51933
29362
33738
22824
28274
37897
48403
58866
59694
20519
6928
44441
61899
14284
22907
24517
28411
64847
21685
47661
32108
58967
63946
62003
17105
61169
68971
68397
29683
3976
66846
35300
34858
40637
56535
42088
19468
4054
61569
52638
46646
18325
13572
1927
1526
15248
29214
61254
59958
6057
29468
45283
44966
30395
14140
47006
8251
36355
68826
43965
66402
15241
56236
57286
7210
20378
64560
24394
547
14515
1377
12469
10199
54053
32873
10688
54120
41400
29428
25469
102
69705
31858
2277
61777
31329
34528
49030
57092
20687
62194
9730
50941
64314
57761
35114
66256
6849
32708
34698
64379
18181
53857
48623
52545
25222
983
917
13212
18837
25901
27540
46814
39259
36373
59517
62129
32141
12644
33153
5884
55330
41727
14137
25436
49654
2328
8100
21755
19660
7597
54201
17663
15428
64028
33311
16636
22285
53349
20317
11690
19605
35555
53066
33140
20804
12010
44384
20251
57498
38105
68056
64571
28265
50803
60186
45052
251
20211
9908
51018
62733
56993
62047
31364
3417
60268
54618
35593
22302
34233
31028
41273
55455
27543
60806
45816
36502
10948
67683
48636
25242
36058
46995
28529
21365
22201
12537
37344
67315
60639
30175
33702
16945
39314
31771
39469
65134
65685
49975
54930
68348
19029
58962
23224
17270
21068
33172
62604
31301
17313
61247
6766
6587
51034
23359
44313
34452
29370
65507
53295
65568
65014
23400
20879
48985
21456
56215
63235
18908
66435
64745
14033
63315
12203
9243
51574
19451
56742
49187
21769
49257
48085
21421
2841
33355
19486
27228
20553
5003
46158
16087
61795
8815
55512
17430
42441
35238
59471
60930
32667
68378
24200
32781
7982
37205
51367
68280
10830
14070
34025
60700
66876
3272
26231
25095
27519
44626
27472
6787
23206
34882
9830
31455
21168
44370
33041
25910
3905
60159
62417
63236
56994
54913
23947
25004
66081
56213
4492
12640
28641
62988
571
42518
32688
2653
13226
51130
12423
6408
61913
40554
63364
37842
37510
67434
49759
55867
68138
62236
38032
58349
4296
60633
52520
15524
31158
14681
41451
39057
9439
29200
35754
3341
66313
12433
49897
50395
17637
4918
68804
1945
56814
19522
28058
2481
11123
21069
46305
7419
50347
61728
44521
19194
49347
15130
69070
18158
65300
14172
47007
62649
48892
25510
68675
39231
42640
63888
7807
50537
59955
42874
15787
17348
34229
37587
41736
38301
30570
27583
45513
35921
56932
45293
57281
45311
4964
66469
41526
28990
19152
49577
28216
336
34301
69442
6427
32871
69310
22020
15089
36567
64649
35778
39682
54055
3479
6464
39805
55719
43343
47257
203
31670
23209
31978
69673
69712
24960
1634
38383
60419
23720
5939
64622
45622
20622
31049
50533
34634
58119
45270
19399
65360
6768
41754
56251
7800
56491
68669
30201
11689
718
38562
37242
64226
529
50108
21812
6878
31724
58415
34129
42578
51888
35230
69598
13370
43518
36223
69776
63390
7311
36082
64306
53434
56351
25235
9601
69061
46575
58522
52908
57431
43444
38071
42523
56082
39544
46589
48291
4624
47664
66737
45993
40065
64088
26587
23483
48325
11634
36905
14340
29373
38410
198
46017
29199
2433
32830
10955
45989
11618
8664
50817
33007
23617
37114
9288
38217
4342
4931
26839
974
51326
48167
33310
63037
32864
66579
4250
16131
29303
38994
50975
59513
26316
35951
5658
1877
47392
46570
4106
22054
33325
27928
42646
20937
7858
52198
4938
68945
21308
9581
45765
51769
33139
58434
10837
1302
38076
11385
69275
49194
8709
8169
52432
37916
1776
54815
55933
8312
5119
24775
69605
69106
66417
54528
50683
64124
40345
14817
40237
64384
48050
68928
1041
37390
65688
64165
33901
11352
22519
27660
16259
30214
16834
15905
11931
41254
45676
60202
59718
25233
26656
56510
724
41194
54455
22119
57991
391
7023
26387
50687
8180
16214
69126
35572
24853
8422
43668
57297
52813
61365
33692
12429
15930
59388
6628
25339
42839
65416
34518
47130
69450
5476
18570
15706
33453
35935
43681
66636
43978
26304
65945
46131
7000
8387
21245
20989
49570
59245
62481
10642
69653
50796
56044
1226
16007
38529
69439
65886
28134
26447
14850
15274
14722
27469
10864
12607
51318
27980
46573
40007
7375
10744
34359
64254
20225
58333
50372
24347
64711
23886
23930
69989
34394
12215
27193
42772
34365
33157
42851
69121
2011
49292
28224
7139
39855
25054
50365
54914
8350
50813
57263
19036
68004
10396
19500
3008
48278
50692
55628
56386
7646
3473
10174
24464
65485
36507
41069
46821
54512
31663
64514
9892
1234
430
64755
68371
11185
24329
10794
34434
57851
58134
41231
33378
11326
47356
24272
46376
62101
22610
11508
28007
33626
916
45257
10302
51467
60188
31747
27388
28222
32502
26349
1281
33585
42305
38210
10540
59509
67773
10843
43640
27752
58059
56424
41348
30594
43554
63989
68673
5634
19056
10553
59321
31805
46681
41698
19930
47002
46712
14350
26337
58171
49195
63131
43352
42105
22382
33624
8041
53682
32162
21428
26870
66807
29540
67601
44772
20422
11980
37519
53413
10607
15546
66093
39647
35188
58686
66945
69692
8417
15975
41893
16113
29406
9422
363
49835
10267
31790
51634
55585
39695
66150
28077
10771
35207
57893
56917
6940
44252
33761
15093
3837
19909
50886
69031
44582
10740
19649
14174
32924
38186
22961
67181
7026
13010
22514
25142
29495
36026
48875
53422
57199
34235
820
36470
3751
3794
67149
19861
44897
48609
34815
53427
19328
59216
5127
1987
37469
37074
46912
25741
26204
16006
49147
9289
39036
42290
57675
34665
34177
40193
12377
37268
60311
8699
30304
38141
48927
65557
20906
20031
56983
56333
18507
36277
54076
36462
38180
29910
44518
37034
11192
24046
18113
34319
6125
851
11901
27786
14164
68050
33361
15867
24907
22892
47277
4033
18575
21953
22992
66348
43772
11105
37713
21373
61588
41976
4004
11871
58552
50681
51145
32650
31327
4012
32912
69179
15810
24254
41809
41942
18034
40046
64195
58316
45184
17045
62752
45379
53496
13428
46338
5572
9100
21801
12062
25180
49053
48885
409
23061
17953
10535
38934
1243
31176
21627
665
40081
16637
3221
2488
22446
63437
28515
23183
17488
15319
11117
2272
59706
52980
14430
49323
64033
14731
67669
25818
17
50567
41428
15257
416
32496
34313
43781
1711
6621
17115
39088
50081
67552
58453
34322
31077
7774
15214
6002
35247
31994
43124
68963
8025
34541
45751
11929
42389
14411
15460
49887
14723
24016
29823
47886
9588
4665
48272
20883
47375
62941
29764
15688
68103
15229
54450
67865
62465
63400
6101
46845
66496
23140
9663
67522
56156
55235
24115
24089
60315
51202
5573
4602
13046
61842
22197
11982
29686
60820
43747
67527
55145
23652
49118
7750
43313
36270
20705
17714
62447
4536
11889
52203
53747
54610
3663
54760
56966
29493
44992
20431
43805
68750
20485
8443
8987
53594
22159
24601
46655
28535
41131
11820
11084
19297
43200
64215
6035
8187
37500
57023
64094
61270
63033
42246
68844
60877
45214
38774
28076
53074
14476
7012
69829
43833
29127
29880
19884
32510
68632
2661
14039
20344
32696
3818
23349
45327
21996
54017
38785
29063
62807
3420
47087
21838
54013
43631
52817
27853
35508
57177
11351
20668
6049
26228
41266
66975
28119
54097
7813
24442
53381
33090
56410
30748
34384
43462
38381
57216
55856
11440
43789
45475
6160
29606
14524
32954
65874
3133
47435
48013
54110
50899
61192
36063
38070
19491
39039
10526
58481
22245
611
21907
63420
45835
15732
28973
54153
61558
65755
19715
13522
58175
10202
53478
46758
67130
45806
15189
14680
57765
56107
61508
9793
61884
5471
23023
41013
20639
64964
1257
6176
44159
3048
15537
676
52577
10697
31358
67709
37265
54816
23728
4696
243
56102
39641
49874
12191
33793
59831
49388
38701
66473
64236
45173
26106
24303
59918
53106
69170
45824
3540
39014
10107
65979
5397
32964
33045
68098
18611
15973
995
45707
69786
55282
16999
6835
48270
11975
62743
24876
64826
30700
69349
69756
52447
19173
38439
2640
62943
22027
11925
54036
43843
11610
24867
3311
8351
58494
48396
16036
30640
22191
25100
69409
61258
31330
64219
58721
524
43703
15011
67834
26147
2051
40630
6452
19922
5489
54217
49629
23237
28354
53146
43452
37996
20074
6449
31360
16627
35793
62971
34472
37785
69554
30829
3405
9966
27866
59145
3430
34582
56717
31967
51211
40701
37176
69457
55240
6289
30382
67009
58342
22868
52325
24309
28320
40844
25494
4809
47181
37598
68736
3352
62534
67017
24998
55371
8599
51761
36904
293
52949
54412
68073
67949
47286
20027
53742
47169
62195
59054
60880
68035
10254
16197
30075
36844
35284
37959
60429
18498
20108
1961
62097
32884
67542
21130
41019
41271
21374
2375
45732
27205
15070
34958
53949
39729
50136
19607
53752
49391
27215
58271
49609
67388
35251
66654
21770
64356
56313
30783
30579
43417
47224
62435
6213
56905
46120
64748
28996
46766
12206
27007
32929
39026
29151
42116
16437
32608
38022
51605
51189
7961
64072
64283
3108
61314
30235
31617
46085
14344
32569
30251
56904
67424
17512
633
38642
13116
35587
44536
60776
3727
61739
61390
65944
47930
47721
44788
42656
62591
64454
41063
62042
20761
31803
8406
29346
39254
46973
60570
62833
8582
6152
8984
60602
37754
12966
7995
46165
40898
30121
19136
8227
53048
38685
6563
27485
65505
28682
40805
27845
26240
1330
33904
47019
57163
65411
3626
63334
65502
9944
25084
30499
50075
12673
46238
28273
1844
67399
4212
19174
57535
37951
5750
57401
8009
34276
43198
26176
57098
44762
62474
17757
27367
6350
47678
58772
51338
18905
57003
53869
64732
64827
8768
41280
27209
37149
30050
26378
26923
65296
50737
33650
47027
4471
32685
58313
31149
50084
6777
29296
50048
5908
15758
13767
24166
60531
42038
2099
40946
14576
3293
2888
39644
40868
39098
20885
60466
35543
19494
20919
12970
46866
65219
32086
67073
10403
62480
65328
2851
21671
32766
66533
63257
46781
21197
41499
31405
42319
58778
48946
36595
19385
19456
32421
12567
30362
15252
62178
40214
8980
62084
31950
38788
43441
64348
37024
16935
34355
62872
6499
5590
53343
15041
8361
44985
30266
14075
7797
40970
62395
1754
14095
15859
32056
48204
20957
43899
5294
8977
18247
36276
4950
32038
66387
32853
63093
27506
52224
38803
3381
35831
8434
44701
32069
50918
42782
40814
51583
3346
34842
22081
4236
60450
16502
19421
52701
23517
15829
66790
25139
48976
21939
44779
19235
37284
17238
31131
20026
32430
57485
43837
1001
54541
24183
26061
51382
5843
40381
4861
35466
39377
14643
34206
27409
56523
45432
10903
67736
49696
26608
39723
20638
33471
27638
24716
27449
36530
41073
17040
7317
8297
65432
45405
33208
2369
55760
61741
10742
64812
50491
43633
62735
24337
54651
57175
52516
12318
67324
35925
43338
17971
22770
727
40590
55520
26584
48331
6668
61830
19790
31291
42359
27922
60737
50792
23205
33254
19124
34860
5432
43367
31056
49395
56942
31897
37032
41720
32713
67960
63300
25031
42553
34315
34562
46246
26198
69025
55986
14658
17168
28230
41356
18070
19626
28853
54584
65367
37646
32231
31751
46889
407
67029
29543
68097
10876
64610
30071
61273
30756
34952
27189
25892
68974
6108
56050
27698
48081
5264
25254
38595
43587
51796
54381
49653
12316
38551
43980
17633
68382
43429
53225
23434
13779
5701
36000
48054
14042
52812
8246
3820
664
64344
35202
46258
31584
39348
59891
21099
29531
23637
27880
3213
39446
40700
21012
19666
63094
25283
21615
13195
53641
26683
17843
42829
64185
53737
29086
59775
30965
1225
55940
31979
6011
24201
15556
29187
11524
29047
28876
19147
31170
50079
40774
6342
49935
24815
52768
67025
54517
8679
6662
7333
55112
24455
62931
62813
47176
56856
22850
25845
63744
9325
3332
52186
45609
25644
42959
28484
57335
40216
69573
34927
65985
8648
67540
62105
37927
14122
60393
7073
59512
40885
24196
42332
58027
22125
879
4733
32625
20882
14200
22528
49685
23240
39843
62791
66615
58046
56896
16581
4132
12596
42489
35149
1749
69812
61592
41365
34888
57887
42623
16894
9765
48040
17385
51763
22949
51882
40436
58379
33333
19119
8317
61110
6874
23905
3816
36054
59401
49914
23627
1185
57354
1221
20574
22436
25692
8600
20964
47044
65403
67884
53101
53730
9348
66233
57885
11619
12274
33822
43375
10397
1334
17185
61001
43076
43760
10447
33500
48222
827
31423
50377
68096
27126
43361
33466
59603
11426
20354
69272
13681
29642
42737
47674
22233
17729
60278
39485
56382
65630
17451
65288
69742
52084
47099
49627
25780
39795
64129
34287
59453
57273
17728
13329
58018
24576
26407
68127
19866
48646
2105
35260
52259
38710
7854
8675
15634
37991
11017
5133
56128
61546
14734
11271
62362
41621
1130
23868
45727
3378
3814
66089
67159
1210
66713
50684
27015
63717
63104
18432
9329
57897
15150
67647
41587
44880
1661
66661
56464
40548
16563
25820
36702
8751
37542
53837
7015
34792
39667
6361
46545
20252
28862
40014
41779
57848
52681
37709
53787
61039
15933
26976
9939
63173
15720
47031
53926
31290
50178
47034
44639
51906
64435
7832
33732
11964
26105
56489
35164
61543
49114
32874
51532
3711
36753
44289
44505
32759
27225
49082
21825
32398
41509
67811
58187
31677
27641
44394
19804
29826
51722
2528
65337
45693
20847
53123
44064
3037
69174
6717
50315
8287
61719
402
8195
40451
16993
58781
54603
51053
5890
47314
64399
59238
56733
7099
836
55980
37222
8745
39567
50273
29109
21036
52285
69318
4709
48339
58911
30130
62957
14837
5384
26760
13425
54222
41109
15522
59282
38242
65720
53021
41350
57046
59542
10922
26884
17739
21053
14205
45658
4305
54233
7999
69339
1050
36408
12600
26790
53907
47147
69982
52394
69183
15117
41869
2227
35049
23106
25688
615
20277
46983
2700
35561
17030
51693
19165
25477
47946
42753
45336
11457
12028
4903
41679
58505
32070
27507
25863
6418
51937
66578
20921
5387
2172
52384
232
65048
22162
7186
61708
28683
67800
68941
8705
58186
47477
52969
49467
23724
38282
63592
58928
55531
65049
1486
30080
51606
46210
52389
2697
42153
69832
52760
19025
54669
32718
8480
42396
41290
37322
33969
52154
21686
25635
57444
782
39159
22816
768
25503
14211
46964
56409
61560
25582
38024
6410
26265
47097
67891
55100
43301
22749
5391
38000
20706
14773
55191
60710
28009
51375
55994
61711
54882
48427
39944
49338
48601
14675
33514
2855
21210
69448
8730
8867
35852
43276
49416
18897
6496
51592
30801
67281
26579
68170
48128
43917
7472
68458
20628
44751
59335
69332
5879
9494
6868
53491
38936
12396
65034
7939
4018
22433
69470
32210
18549
61059
20018
38553
33916
29622
52675
4522
56681
39292
52026
12611
2516
13404
62559
31884
20476
55200
46352
54480
47146
26592
29563
29162
42907
37555
47523
15380
12400
14587
47321
33072
48925
21261
53250
44902
60736
54290
59812
29408
35243
40178
9931
20109
68898
16944
50494
44446
44642
8628
60368
28872
26389
24072
4900
27619
8347
41088
27017
56067
53251
56925
1339
42311
11023
65454
43575
42345
38962
56445
6807
38776
41543
34507
2905
57532
53888
10750
58892
56437
60191
47927
31524
34573
65297
10927
10137
15195
6770
46798
36469
11049
21864
15626
1381
11389
6196
37944
17861
36107
3786
34747
24784
14186
26270
17651
41251
50979
45936
38311
64501
30485
67974
10028
32435
44440
19150
64518
9458
41
23443
4547
26423
25445
11250
30524
46598
18446
5144
13186
30913
32237
41705
54581
3653
69456
55952
41461
5785
61834
58785
19061
18213
7944
36707
67253
26249
13859
60913
45292
8492
7104
379
49922
53117
50970
45142
40208
4667
19507
63799
20348
64434
53591
46899
59845
59049
58763
22322
60754
48617
35411
9606
50019
44735
44447
15809
25499
41775
36352
66871
37860
52206
47035
18999
10529
62040
52025
50682
2931
56833
9784
62797
35650
46323
28556
35320
43402
40314
37463
50380
7636
41998
23130
23551
27112
66362
45496
43617
47675
24558
48056
47391
36930
36841
66213
22029
4800
36603
66358
32770
23907
23284
53259
1286
67445
17705
95
14649
35619
21979
20841
9259
62496
51050
25950
60175
45653
61209
9954
62284
10944
27435
2318
32145
25243
62365
24682
40661
34716
21242
28289
36734
14359
21082
9090
7365
47070
20176
65862
27368
59794
62657
59416
47526
36440
54493
58138
21182
25949
25519
19832
56004
8020
67134
42705
48363
53475
41963
19015
60042
59108
67467
51124
50461
49375
60075
22439
43194
17062
36463
37170
67172
45873
49731
18272
32858
1598
59923
21661
36945
47438
14732
11664
12364
6480
12981
35400
9621
35364
69709
13373
22214
25889
40730
66420
59802
17492
3797
54575
21021
65898
14251
58924
39061
46796
32642
60164
60994
38313
39060
44231
30690
12797
29238
8806
3715
29944
48867
9705
15468
49883
11642
63121
48539
15980
17272
20823
56448
61056
45337
8343
27566
14248
57542
14661
55942
16991
17730
29170
27870
9825
2155
44288
44858
7779
30468
22723
54766
69725
45614
48265
7485
52136
8966
54851
61609
12709
66255
69589
9949
10725
19688
26073
58799
47128
53
8374
43397
25280
28490
49698
42127
34941
27236
26345
27490
5191
30330
27121
62596
51821
57368
56469
16518
59309
8911
12703
64945
10027
65756
27353
8609
25753
8661
46207
48907
40886
5583
43683
38239
53152
36670
17224
53148
21077
36010
16085
34912
61691
21484
36489
58708
31667
56323
1501
35048
49244
47417
18125
24009
12786
7165
54032
25478
28357
68325
62089
30351
41979
35413
6142
4714
6791
45586
61398
5829
20310
52077
44305
41640
6071
4923
28716
57758
66979
25250
25049
38970
34770
60286
41151
21846
62054
1010
52321
1408
6403
42223
61697
61326
20768
17534
10220
45407
4213
61965
52791
32214
61882
6031
22284
50251
16877
68258
46502
17644
9346
4590
50812
11102
22414
37070
53957
14218
34348
36475
61718
16422
15148
57243
21736
6439
16948
55334
36262
22243
21915
45367
28836
7455
29951
68381
51794
31383
55763
45741
59275
38672
63788
14738
67935
38670
38201
2261
68509
53012
62409
19466
26025
51900
60336
66771
64210
56366
7334
52211
65106
3675
54553
56000
42241
61717
33179
17886
13473
24368
68889
62655
5530
17880
30252
52332
58117
44580
49734
66666
69123
44227
26816
17096
11135
29588
58202
53715
19708
65382
62223
36980
12951
59363
8938
57997
14760
69575
12871
30789
168
28066
17672
9946
16562
52079
23474
42354
51243
48497
65215
44223
66643
67782
49399
60058
2015
4775
65579
3367
19946
34749
16764
17193
2690
30734
59619
26776
51849
36402
50746
64892
57743
52157
32077
68146
43013
6503
8732
56688
20275
17748
46924
7345
31121
11303
61786
40852
23572
62458
39066
61652
26765
4727
12115
30593
12057
52534
22715
9365
43759
20724
9509
36518
4593
46016
57896
4656
50550
66376
31969
25851
29700
50320
54734
25913
50378
66948
39982
61396
17742
35415
50127
64627
38392
39350
23875
42693
56630
41796
3780
9379
63910
38472
62258
9878
22972
3772
12048
35764
49032
39244
37225
16222
14228
2003
58995
22043
13306
37616
13191
26479
66963
20772
17234
60409
58861
38653
8420
25908
45457
23550
55166
58462
67240
64001
28034
53206
67873
59879
56544
5018
50268
57184
36481
55595
35470
41252
37954
38269
62625
69298
42179
25390
14851
62098
33815
31337
57258
1897
48257
14737
45801
63596
68185
37969
23916
28215
39727
50915
1162
52258
24233
22185
47600
63641
13606
31099
29179
43680
3050
54950
57646
34489
65682
25440
11777
30413
6944
44953
37063
26253
59764
26248
67313
7844
20966
45424
42738
45135
29984
30943
37630
26489
31283
36003
10149
39133
30160
68757
15313
28552
31726
44519
45308
47780
65495
49643
4676
27208
60137
6671
8131
19125
50846
1065
24693
18456
41530
63050
47452
7190
18951
54768
36460
23698
32563
1000
49776
45363
11436
64857
66431
18173
62211
41206
61737
6673
8520
27274
13691
31100
24023
16751
31828
63689
39156
5539
14338
53917
64224
67298
51455
38544
35779
31415
1677
49763
60005
297
3143
19360
58685
66201
38140
39070
13927
6185
36317
50945
25167
153
2198
7587
21875
17826
22935
63190
62570
46732
69643
47066
17413
7603
50419
61395
25620
69882
33302
65204
12747
39029
21929
35569
69840
63512
65627
3408
43126
9223
65414
39125
46215
64367
20505
56480
11701
61078
17615
11062
15354
3209
7335
60355
18207
43146
16295
8876
33299
26411
39173
63603
12638
43392
8457
42843
37253
11172
68716
3754
3397
24425
25928
4122
16989
63867
60557
24700
36598
35534
40989
10871
10592
5731
63851
26250
18848
31115
48945
57895
50045
34036
69850
63264
15037
12768
48928
23329
67860
35802
36630
58423
63926
22176
17986
22665
57978
12589
11593
23545
34653
9159
36330
18856
44753
9733
3071
16543
53216
6203
12130
28937
10778
26751
10366
14959
37521
49669
62510
45013
9840
5671
19992
66291
4604
25147
56203
48767
31232
61421
54944
36955
64792
43256
53142
47141
59043
10022
35227
63776
57423
3170
1030
38183
59650
14431
55580
4417
25141
55603
10563
49592
44066
20036
22204
51406
54682
68867
6677
24273
21942
49948
5299
31010
671
26022
58853
20049
40961
40107
9162
27052
19691
68560
12251
33570
29294
55608
54075
20435
69724
65714
37402
14193
28600
14040
20824
21056
53835
52720
1872
53710
47265
22088
4920
34635
27180
49617
8559
21247
48819
19903
53666
33240
41467
43669
44120
23149
8265
36131
40367
37625
45548
5886
12987
38555
61178
21892
48337
16901
54971
248
55920
38048
58030
26645
67121
54258
9761
12757
6763
2334
40635
54638
42139
68914
61402
30883
5961
12361
18641
29402
19763
3278
25306
26890
59083
28550
61345
49608
19515
64739
52013
30356
52505
58573
3004
56230
47759
15734
33924
38556
45923
15118
49330
25558
56045
2638
50726
68827
34759
68393
41409
17117
17151
6562
12819
46528
38683
57195
29801
40698
56352
31527
6659
9716
339
10198
7888
67186
8725
69689
24924
34421
35065
53096
50348
65373
34508
19382
38167
31079
17555
56302
8580
30857
28754
66954
32313
45525
37536
61349
39486
61865
46770
63630
51877
46312
33169
58152
33386
58144
67204
68009
28129
2681
32532
46808
17687
40134
18556
55865
48591
21525
58802
56603
2916
38660
33951
62739
9401
48367
14513
49150
39406
67919
22076
45842
31486
23862
23427
27763
53056
36133
69579
69346
2274
13341
62390
40768
46505
28997
39968
39774
51001
24172
51514
33021
21224
7309
58575
40080
31136
39787
33181
49317
64756
62418
13882
7702
37999
61889
36098
67104
32747
9848
27898
36263
14311
16243
68321
44961
29872
28238
64953
48022
27746
57871
36727
10192
3689
11760
23614
54628
54305
63098
6038
13520
22813
19027
9788
17845
52277
37184
43622
52740
67346
16049
69304
32526
51424
55302
19669
20586
16009
67604
45342
4587
11277
3881
23354
54720
60718
32948
56119
69148
37670
24027
27904
34707
12697
65723
54138
56288
16155
6779
29155
58301
44268
33655
17717
30119
1623
4660
50809
2959
4452
51862
26301
24132
2448
4606
27809
34435
33094
61378
4235
32823
29662
8842
57937
53375
18844
12776
22447
2554
33209
4454
38117
48645
35176
58913
50566
4397
9400
36843
36032
13775
45888
59480
63524
8923
2477
22773
36014
103
62669
33409
59072
65586
8474
34679
18937
40879
25118
59536
20575
33543
20447
65967
34613
21609
13570
52728
28335
14907
41993
64478
62903
1771
25435
22000
58791
22943
43348
45717
1236
12348
37230
66484
51454
25554
23169
13603
37013
16588
64536
40413
48634
40024
17087
27515
1182
20482
37817
34172
65902
22979
57571
9834
58220
55473
1873
45531
32644
796
52893
7095
19817
11639
13947
37317
13731
50076
53497
1351
27310
69401
45343
60719
35181
40870
27005
41071
26109
45858
45012
38829
41886
25270
3200
16669
58556
50046
68423
57449
43873
13771
19996
21078
21592
53465
13242
36565
45029
2146
42532
41056
22003
22196
62523
6816
41239
42868
58939
53257
57797
17484
69017
66598
2112
68556
26555
17381
53449
16626
15947
55060
35488
62687
49503
15247
18256
23298
614
25987
11066
30604
57660
8262
6863
60533
29243
18338
30084
543
54956
28187
30024
66716
48628
22727
48058
48499
36534
1288
48903
5520
3086
35433
61355
7986
58274
17994
61133
27562
7501
39599
40139
11411
326
53477
11401
13925
23188
64619
67817
10444
35964
48173
52362
22957
14478
3841
62034
36311
56094
29351
15458
18481
68214
33497
69601
44174
56024
21266
42733
39717
6204
38430
35520
39699
52883
8999
18811
54317
43509
55596
49583
4220
4559
63521
567
68915
1170
9474
16980
24014
31282
7975
1509
10355
39182
57852
53718
34432
17822
14138
16485
22318
48218
64725
20826
17304
25099
21585
47091
6369
63500
48556
43293
6372
47238
42657
67685
58902
16977
19075
28015
43579
58454
66426
9143
47978
46000
50043
9517
60432
46061
49902
40974
15768
16474
38741
36279
40593
63746
38012
57210
18411
7992
51167
47096
40029
58843
3544
52151
19365
4091
61700
17915
68315
53709
7808
64700
46617
26861
43285
52566
20799
4623
60785
67002
8668
268
69580
56130
1702
54695
55743
48028
29196
8893
42679
15944
67687
7191
13018
17472
8488
68025
45435
59727
30836
34871
17964
39661
14005
67635
34446
64750
38451
14916
12995
56330
22016
52310
61135
10924
16856
22956
6232
32016
44732
57789
57747
29106
65451
12462
54031
9093
9058
37675
6843
64988
63241
41111
17842
14841
58711
23202
58142
31370
65564
49496
4015
27131
48537
37290
43104
69822
62524
7514
17639
58120
9762
8337
10335
69582
41363
63626
22539
9318
60652
49748
53741
3954
37000
20082
61868
17156
12239
10413
66408
42166
34966
28597
30832
36103
10490
47602
13756
34705
49769
10738
5819
62212
22407
46007
59596
55511
35660
40158
35146
63193
15540
11517
48113
44334
14642
36192
26402
51114
447
22066
30209
54807
64149
61513
58566
45136
53113
37417
62677
60034
63157
35588
54654
18680
45055
43437
27277
3785
43643
2401
53276
59668
13818
7777
43869
64977
52800
35733
1703
42954
30705
55283
61770
51393
4688
4756
8179
40640
25921
33544
44498
3705
5218
23065
38434
38905
31563
18468
9991
23962
60502
61893
12900
12479
38578
24518
49364
50020
21997
68592
24873
68886
51991
38122
64300
50646
41284
39807
30034
50409
56881
56284
13241
16366
21638
35490
51530
19499
6860
52100
58128
38764
49882
48613
35788
5668
29118
57800
51196
13150
22356
57682
18668
44951
18766
46147
2325
27008
20588
53712
6959
42645
37226
13136
18588
42199
40313
41418
32293
52572
25426
39167
56147
17259
57936
51000
2812
67821
52401
61671
37758
61054
21537
18952
63547
41904
38357
57585
62637
31320
61759
16792
38547
9436
60648
29982
43963
65953
28105
44450
8825
42686
3130
25752
20769
3076
14668
17960
40231
38608
23401
53243
24495
30286
7003
47639
27908
59669
16146
9019
64424
4084
68740
64787
17508
2866
27694
49363
40557
57666
12417
19882
53177
39510
24691
26397
12168
42974
49506
15618
30284
66883
57414
11339
34065
26583
25799
18585
57107
65624
38811
29576
34694
19138
59358
47264
51771
59876
33713
1685
23669
23246
45394
10816
54226
54626
25858
24747
64523
36486
28327
30575
414
69863
33277
9220
29203
63871
643
49727
23919
67910
8696
21139
32507
60541
30171
60212
69371
32355
15771
45423
10053
3639
21212
68229
14257
2057
56387
63964
4554
64031
2997
57309
54405
25586
44191
40250
6967
42849
62069
12016
59979
242
66741
57403
6479
1647
13687
15305
3339
65038
66009
61428
18754
24308
14470
38865
55448
31561
49048
4418
40150
5012
25518
31444
4268
25355
30744
69426
50758
50096
15383
63170
62663
21301
61810
798
39910
44765
5481
64436
29003
25204
69849
21520
22462
34165
44250
34720
48632
47122
40405
51171
7697
685
50337
21238
424
27844
28207
17474
19800
33199
28570
8253
40333
25621
51179
14118
24949
50299
26418
62978
30066
27072
17000
63860
29868
41523
68913
45412
46440
24003
21611
28418
52455
68130
26336
30231
4864
55120
7204
52078
758
9203
36886
59371
14483
38840
20730
29467
32344
64925
56210
28251
22984
31240
53548
65581
5066
30884
47335
1630
52092
53077
35034
50716
20669
29654
38270
33124
67853
63822
58605
46299
37259
66939
66678
23871
34864
38528
24748
55362
11563
38044
22931
11997
8849
53119
42108
68504
23470
42322
50073
36666
46195
6197
46817
15063
1292
33023
55925
27702
55638
42169
13299
28487
41585
15194
9612
39817
8671
31355
2039
18101
42609
16819
16903
7662
10304
15791
55054
34942
17316
45915
27584
43074
35029
54168
52075
64410
17076
42605
18077
19584
4806
9147
5164
55809
14466
13869
24179
19759
8714
44038
43275
13047
19826
41982
29973
25833
66366
6969
21886
56644
11811
21183
4574
29566
29175
39951
59743
12196
68707
6366
37138
59154
59756
10104
14010
11951
58947
44263
46236
19026
39427
11937
59320
19988
20145
2251
7269
24470
33922
12595
48127
14960
30088
65734
3433
60085
16400
5392
50245
65652
16328
20577
37502
19485
4346
22966
36825
35843
12093
26153
6394
43183
36266
43572
69391
63023
35906
45350
65913
57501
49550
26740
19159
56331
56429
29815
19115
21852
2065
61050
36264
4758
17111
21181
49838
69278
59104
1503
5363
44063
8012
23823
64817
61805
57579
63540
8170
62306
34794
13777
24194
12905
60879
15651
66961
32750
63462
4648
54757
33770
15568
34595
3876
35638
63335
19163
65699
17278
34252
58110
61289
29287
7201
15384
31372
6179
38284
47150
25364
33043
38860
43421
55007
56328
29221
57170
6279
977
48801
51962
66499
57411
61126
13395
9368
40234
37153
28750
31658
55242
9877
6390
13148
48687
42182
55346
36840
61269
30858
53817
62546
12341
179
58890
52846
17681
20118
18398
40385
50017
21974
50851
29841
46648
14314
59315
55086
19711
58102
47089
34714
33718
54514
7121
66619
177
5920
32815
41613
55210
12019
63504
12979
15591
59548
56204
67793
5558
32078
60139
52088
17118
62024
63396
11315
6865
13816
45478
29534
9745
13190
32965
17396
17326
36316
29095
6362
47727
43230
47061
54042
34453
29718
68836
21187
1458
14729
62265
64357
17303
58854
30438
23938
66321
150
54806
22419
8979
2455
48375
24038
54595
40325
19272
376
32452
14825
67953
3494
66084
41182
19528
5300
57523
67062
26117
17467
19053
67535
40752
15659
69116
60852
48087
60938
53107
13447
31523
34158
9280
40594
42280
48562
56714
48417
61659
17206
69048
49909
50018
29457
21526
69830
20
46929
6811
32276
61216
60222
4480
54363
14413
39421
4370
3103
58439
41124
16039
36335
47998
13151
41011
18024
35530
13891
15236
9078
32760
38417
59888
17734
4459
34693
22174
20038
8596
33566
8985
9277
6385
61687
11397
40799
63449
51661
18428
44017
58113
39502
44780
10806
50888
35565
60906
49543
41709
38838
66465
62715
17409
24828
47531
3767
7866
54030
66743
19868
28695
61866
7822
47668
16697
50234
28463
37008
25825
9778
38015
3584
58933
8150
64969
2687
39110
12129
38639
48855
26860
6922
63284
25946
16704
16515
29250
25013
60993
42956
16493
26935
25266
34998
11270
18939
47338
11330
56211
28923
3155
25399
64047
63659
16555
28378
37323
35518
33878
14268
23666
22805
19432
38127
9139
55634
10690
17885
66241
26052
56937
60640
11093
56645
57774
22822
51666
52974
13851
55212
64804
12659
15412
12780
58765
52919
42104
1096
19671
28177
39557
58503
60798
62738
54587
16233
57347
62347
30439
22311
16471
12695
34642
12242
13172
39775
36174
50159
7402
40239
37787
16397
52694
13742
36305
41914
49463
57217
48972
27166
20599
19683
61278
31150
62137
33648
59850
11367
66269
16992
51379
40474
19106
68534
42672
23961
48957
25811
25116
24285
64270
30548
35896
16361
59992
7894
13029
44829
66757
56765
49613
27659
1399
27451
50560
2545
61736
63175
23972
62351
53528
22199
47965
45286
4089
5771
4978
29338
12502
39539
69855
10520
50852
40667
33620
47280
61399
49406
65740
24386
16275
40709
46907
26739
29116
33387
15736
17552
62350
25122
33847
29066
54877
26973
43673
43969
2300
2679
68940
30597
14133
9520
24579
63734
39020
55684
57909
20613
46642
46366
64588
8472
59781
14901
459
2487
44130
49272
28583
2540
41825
56466
65713
18264
54375
33782
36438
4497
1473
65079
62367
55077
22038
2499
18076
47904
4164
11007
20142
24184
16183
44236
20430
48890
12901
5103
24791
61188
41740
38795
42500
34251
26628
62147
5673
45866
39614
20606
7773
34772
837
61434
58081
17420
28649
46466
31940
63708
51353
35329
3005
16587
53095
38904
3441
18977
13016
42218
47528
36798
47559
1125
21724
10239
53825
19942
15402
6850
47825
55932
8259
56819
33390
42257
5497
65138
14001
65387
26633
12204
9417
15779
32442
11101
2564
8047
56758
63211
9234
24237
58837
12850
40479
42812
59331
263
33747
49556
35750
43408
8427
14528
23040
21580
68721
60632
49761
32204
57482
22776
1639
69213
41034
11076
50150
59290
7690
50052
25124
46160
31905
42320
6143
38848
46020
53230
12413
30947
66984
26805
3871
39581
10524
45033
3053
2884
17961
54738
25589
33087
54634
46302
36536
45528
26817
14606
49965
6312
13053
18292
45964
29314
6396
50430
69587
65185
30970
59703
8764
68094
55122
36301
48817
62879
34840
33881
12356
52002
5820
11027
4088
60327
640
65409
42029
5057
24388
29627
4934
57947
37731
17265
31030
44827
15318
8550
47039
40756
8685
20708
27549
23863
4722
19217
35979
25417
21481
53647
30240
55546
11459
24315
37665
49937
38021
15362
40562
68001
30747
31896
28658
52241
5138
25955
53069
52533
38243
29337
13386
69867
22059
58307
67376
59951
21451
28029
36976
20381
7607
44884
40388
49492
42228
59451
37571
59959
63597
60954
6958
45256
10224
10148
17643
1678
58798
10565
6413
29164
55221
44138
24135
15808
62356
56205
46700
39901
37100
35497
32485
65250
65823
21521
67756
68864
8564
64492
1163
19995
58722
1666
33682
22314
19574
27710
25562
13740
775
59261
54579
59355
6836
63830
10734
44931
23791
21205
69408
57503
67719
39050
1054
35165
58740
40737
54530
65722
41270
19302
20999
13826
43576
69405
14702
53406
21813
40468
42180
8535
48990
65835
30430
48948
50228
26100
56583
6270
45300
39165
56321
14073
47584
61368
40789
32977
63940
62226
20386
59529
29216
27849
28008
11026
39943
3366
25374
66069
56756
39015
25969
28801
2391
31975
59815
13738
37360
35825
43809
21306
19776
11641
13310
54064
54664
58199
36217
48681
49594
48516
22453
35089
5541
13348
58364
61226
56301
42971
20315
10085
58159
3009
56998
10314
36924
44682
44380
27418
28930
6509
15521
30897
14673
24456
36327
11159
46967
12403
40278
52896
40609
25800
5088
58909
68602
45690
20067
50637
59920
52830
3081
18842
1920
3595
67508
43409
63047
61626
31286
52588
52161
37122
30486
7224
30020
57786
30782
51347
57599
59192
6498
61944
44611
42985
57956
2898
46979
16393
32666
9817
20011
8945
62831
66749
30270
37690
37949
67929
52499
48103
31086
21934
44529
34954
1432
20855
12395
16408
2980
37123
29018
5985
49968
34031
5869
6989
20357
5149
1723
39950
64773
25043
4240
20312
8942
15291
9184
1670
4126
35299
6265
1293
45566
48305
48824
6973
8678
67798
26582
39796
17973
7857
53044
23529
22854
63965
68726
64313
33307
29844
66826
28563
54855
35246
64051
48561
43561
56638
8799
15023
34119
49263
48246
18597
4067
68700
61251
18148
38238
45275
14337
31109
9125
67092
68076
35753
594
24955
8660
40803
32994
50146
39358
3957
35970
43650
17428
29399
39926
6189
26134
23800
12897
1045
64362
55045
35370
14934
53842
32362
14995
61007
55458
36768
45507
38123
32199
36785
43507
28870
63754
7976
51425
38026
2206
25165
4572
66915
9976
42365
52842
12718
12906
1778
18251
11189
14417
38189
17051
47797
46426
37679
18191
33104
52366
13944
64891
30109
67530
32161
17194
34273
5200
37022
40683
40908
24717
63737
38081
66414
23597
44076
40269
45934
15423
8199
9838
48279
24709
5462
49510
14656
33593
15081
14986
51465
39457
44185
38309
15913
43289
42490
30417
54536
21384
52120
59490
1263
28735
42326
21396
36315
43569
27033
43919
47494
36824
43632
53278
25713
18130
45977
23399
41164
10465
34104
22626
28434
12501
49867
5612
60844
19366
62394
47500
28160
68840
7589
67678
59606
8795
35822
65801
48481
1664
58370
67288
41126
6771
65656
38203
17506
2456
67946
59800
24436
32560
53060
35757
37789
27067
41604
45956
12956
12938
53272
61738
8038
26797
4247
1109
27972
6938
55437
53202
11803
12145
38287
58452
40222
45195
24596
27556
29773
2658
10648
8416
65872
25495
52793
47736
46539
3357
57775
24608
26930
44213
24772
52431
31000
51007
12947
47840
54717
50275
23759
30891
2538
30151
41340
52073
36888
30472
28416
16360
60111
49033
67772
47111
52280
47547
31073
69821
32089
14127
51875
27553
38665
2870
38898
48691
36884
46006
46303
14831
38889
47621
11153
17448
29503
63905
22352
69940
18415
57882
34956
57120
23761
3282
3248
60984
33611
40586
26692
2044
41890
25480
56959
63968
67335
23638
45108
51164
51808
33028
10618
45245
10941
6642
43516
37671
24313
13118
9615
36758
33817
68490
57594
51287
22520
68936
26866
23554
157
27394
14397
17618
15370
59469
28120
58465
23092
39286
65512
53599
2724
30630
65726
22499
50613
36859
170
33726
68764
69547
65468
6952
20980
59568
1559
59247
55581
51005
49717
49959
32775
13304
49704
5518
6386
67268
4952
53039
28676
31651
5433
69770
7312
39703
59491
29789
10407
32311
35642
18558
34704
62930
3627
53254
37017
57439
17939
14461
44511
51648
66168
44571
57607
14781
12598
31004
68657
67720
59008
62699
17955
59273
51126
41924
28351
68877
3768
34752
29073
10204
68681
15203
20499
7874
30465
64486
55686
68960
63814
6568
14516
32843
9413
64849
45615
2221
67932
27567
44767
717
34511
67557
63663
7734
58222
57080
54210
66115
10280
42587
33764
35728
64402
2869
42953
9758
14822
50893
41475
57364
3953
65601
24842
2073
9442
48143
48482
117
11877
54605
11965
52806
16117
11585
58987
24302
57076
52173
6305
8013
68177
36456
6193
39412
20016
45678
22067
3097
15108
3419
34853
16138
26148
46881
17518
36869
19117
42466
15218
21881
59439
58125
2071
5532
64657
20161
64796
33953
59473
63277
66078
5475
30400
950
26162
63836
5031
48188
5507
42905
50205
32480
4354
61211
25065
2573
14493
52262
61669
9698
25542
32508
8584
36206
9073
36857
58927
686
34973
65708
21960
10470
61041
44854
40802
41373
18517
19652
55155
3465
23821
39407
29085
33212
68523
60853
56656
65703
14578
11694
67406
33266
61451
54606
34833
59605
15890
52191
19523
68418
67968
26902
30771
14282
56199
37882
65082
9852
59874
29060
31440
31224
32098
26212
67742
64455
3528
44095
19551
12533
66894
32328
14053
17085
23859
23681
14109
64644
20156
31804
40685
39453
6299
46678
28390
13747
26527
33112
48949
33120
39093
45996
39459
45569
63446
62495
8021
66565
13721
5991
20194
43206
17776
18861
19822
53460
2635
2403
59826
7810
44112
17419
35744
25293
57261
35099
16165
36853
39137
59903
68346
34984
52493
33854
2430
24555
40599
48157
11607
64684
51869
35977
20136
25957
31682
46620
11202
36765
60478
2149
11862
37924
51380
37289
69595
13905
3748
23948
20442
41474
47944
52107
14274
65637
21468
123
59969
16068
48002
4005
24779
41476
16936
63312
8306
5681
52456
61642
39984
39341
38501
52147
35353
65124
55893
11087
35180
39596
67117
68513
14482
2939
41066
24097
39345
6412
6153
69461
21320
61707
50214
64106
517
26193
32516
25923
12320
37596
40577
18779
66700
26291
4291
56952
60167
18707
31548
35874
9192
49841
51954
49255
31418
66419
67866
65517
55020
29743
31752
19928
39669
34342
14443
33917
57238
23814
69022
57877
14158
1277
23066
9047
13451
6547
29357
1297
20090
58693
26509
13217
16362
53022
22072
57648
27796
9959
60644
36197
59946
4632
33852
51692
41782
5319
45679
12189
13588
38533
69119
40772
47826
1349
25897
23316
17355
61492
44663
63296
31324
859
22379
9356
17540
51670
57472
27958
63748
4576
2853
42393
56985
21503
32687
11753
13316
50724
17977
13815
3896
2822
58195
26933
44011
68113
37358
52411
23387
40053
28468
53751
33861
60460
5893
11920
40517
44306
28557
28199
4746
24660
11557
36278
24707
22616
28317
62166
9828
14295
37106
14542
37477
27586
51152
1265
50452
53235
63228
39106
66080
9611
38577
969
26979
63819
2693
6123
62700
37410
68351
15801
59373
7616
69602
3312
65233
41200
67716
69933
1231
40986
30243
35148
55970
42674
24327
23250
4307
23702
60328
23758
34926
17397
46205
54667
48181
26653
63873
13177
5158
28637
11758
20385
852
66203
64648
56345
39886
14280
7066
44705
67063
33651
55304
12840
20242
28568
1648
61887
29535
11741
64553
5214
11904
458
10000
26416
54033
29722
29340
13840
56863
23426
4601
64929
53744
37018
50246
48784
68635
34217
5882
52644
38471
55777
67947
54442
63794
6904
66298
51899
68125
13736
50997
27582
46893
37237
13459
11225
56643
36981
47809
42398
59696
4467
44740
67155
56084
38297
58215
40138
6053
15652
59379
18527
59524
34835
14315
60505
30449
24641
47863
6017
29591
23731
18997
25189
55848
2351
65334
53939
64202
7884
44228
62949
50121
6682
39980
17173
50745
14893
5394
42920
932
8288
49820
15039
34107
4996
48777
20414
33779
562
65675
6284
56941
2253
42000
57724
42655
44434
61906
23960
43351
69233
47873
2267
39521
61922
60937
44400
56060
30560
12590
26969
22951
58310
38077
4142
52547
41632
22192
48690
58526
63080
64447
66217
43157
49832
6444
52021
32557
1733
5203
25538
8280
20243
50417
30073
59171
53484
67072
19118
27887
12708
17684
25403
29499
58595
3565
48342
13468
29157
66816
49553
48818
36581
67345
10567
32433
42164
53194
482
61439
8659
61950
9323
48135
21839
49637
40008
55914
58404
34876
5870
38059
35208
68132
17275
68014
5135
38823
41472
6552
57426
45672
17833
29437
24645
49919
67887
18497
65911
35924
5808
19137
44348
19213
38498
65894
23032
32298
43457
63919
37706
38348
39428
57384
35204
11304
56693
14210
1755
32998
62970
65667
25722
63787
41609
9861
54193
36639
658
10206
23055
53519
66889
33563
69872
30055
58593
66797
57017
42301
18565
63388
63866
22686
37583
52466
5332
9457
37429
62796
62512
46187
4867
27025
56162
68640
11973
47671
5669
60998
14267
42899
55714
53567
13789
37663
54978
61524
7528
41700
60615
45431
43822
33920
18445
28208
46492
37881
24440
49770
6370
9721
52426
27736
63519
69467
45057
44386
1487
49825
13091
46334
24941
5755
51880
38974
41811
11896
64497
42400
8786
5715
64198
33662
26077
29600
18606
47558
47278
45030
41791
26806
32500
27370
12788
54114
20052
66301
40229
34556
18911
50841
31215
33832
5925
42801
5412
22287
65343
67300
36173
66138
36545
21022
59267
59089
45234
49066
49744
53195
39103
50531
3335
58387
45466
39546
22415
48766
17811
36393
65480
878
56142
66705
69128
23439
63928
28081
50820
29410
54274
39508
11081
61454
23239
43613
54414
3380
13293
39694
60151
16158
37371
32094
21549
58783
47233
45111
8331
65008
48383
33347
169
51356
26956
36291
20962
17048
52595
67961
40708
18238
51009
62463
48756
43585
34813
22826
36523
15162
2186
12195
41295
34933
3765
64843
10496
52856
7639
9472
32628
18082
14086
9449
60910
65940
24215
40704
49514
60483
881
60649
27608
61471
69990
66488
49929
23211
8618
14240
46711
16154
19058
68538
15970
622
57303
13755
39518
67039
2875
38874
7406
44424
7951
17972
3839
37109
30666
37264
28813
35301
42292
25731
66143
16097
52963
8560
46948
31860
57643
55104
17069
31690
18720
28383
19508
52420
20581
1268
51675
16583
7265
56636
24994
55125
4146
11960
60494
53494
49767
61758
68304
22993
39217
35368
20537
62008
20655
2072
43111
713
43271
24846
7932
21450
10332
58479
33991
5534
5652
25198
35131
692
10001
39122
5835
28789
45552
43127
23396
62343
67644
3060
6892
8148
14710
6936
69317
48724
2810
48640
16690
28413
10241
16842
65340
42747
31770
29436
60731
55397
61761
58564
34113
55231
18890
20986
47260
15749
1896
31097
2786
30067
3739
16219
9736
16569
32647
58378
23375
30881
44271
65792
37955
37929
41438
24330
5710
1817
62517
25996
52656
38308
69526
67867
64989
69125
11954
21166
21793
10907
46755
60517
12619
69694
46353
30684
2128
69110
66744
13885
49361
49614
57833
30873
41335
11036
37442
19808
38068
51978
10933
7383
32101
3025
4626
9963
30458
13360
43053
53405
35567
49868
27687
3770
46285
60476
62181
58261
33640
22782
67438
13569
53425
13544
47725
44149
48158
21871
32640
2951
34447
43034
16099
5298
54296
20238
44407
53663
15072
38535
49381
845
8780
67713
42040
1579
27186
21065
45380
8581
64780
21804
46313
41143
64284
52235
23625
23855
49751
61622
1367
10956
44656
30865
5444
68977
27727
4230
59319
41212
653
8594
10453
24112
6256
36339
14911
47940
48004
12853
69862
38228
68829
62370
41259
64199
53892
39698
1219
564
21701
50
33252
63774
32610
44845
28420
64624
15680
6069
28537
4312
21385
20549
31303
30339
38058
15639
22177
11097
65778
13230
9779
35890
4014
11299
59807
66044
2562
59310
63398
58715
34880
25285
69154
47254
19629
30727
18834
59368
53338
64203
14111
45183
28887
20751
55611
14788
37301
63044
38640
5979
32630
68369
3253
20178
68093
8894
5404
13450
13995
11451
32567
22553
47646
24952
60410
21363
30946
69665
64466
49022
50000
30108
32512
65996
36795
69438
11145
27393
66518
1132
24375
15901
39365
44603
46783
62482
6040
40508
53535
40587
11198
18962
23493
30246
10438
17562
4618
59499
61931
15850
52862
52885
69234
67992
45483
21610
6090
30101
14011
29112
49353
29797
32518
68717
58106
40078
14498
30572
48780
58687
5935
38837
51873
46019
5644
25976
15114
19079
36942
55598
26069
49178
25174
50659
37779
57782
61085
7847
64943
39655
17037
3120
52525
40800
40522
45158
62501
7846
54719
64952
41136
34929
27392
5633
52844
14032
13068
6746
33164
35907
2610
27709
12156
35576
57157
55416
62789
34989
14701
4556
493
17341
44274
8097
36887
48968
13327
22668
32317
64844
24692
49724
27762
12662
26512
60779
66372
58079
48527
13992
49774
68702
63554
6960
740
55303
37199
31052
17056
11264
24022
47410
58357
68374
44098
7294
40616
32746
37135
65472
10568
14998
37012
34123
33528
5320
59783
56389
1924
59316
27352
60461
39355
55110
63271
15895
37270
18532
56564
49753
34497
46221
59407
19019
12782
65701
4967
54439
52294
23817
55695
1457
61919
35425
10234
6451
13080
64897
63455
21334
18990
31684
42023
23893
1324
55403
22420
26998
15549
26727
48544
47730
11361
56885
18062
441
63484
39958
29475
17974
18919
12494
33561
6720
23480
24891
8240
58165
16350
41269
25468
69924
22959
52801
16380
18697
30331
2567
39921
25715
42005
3095
7580
44022
48528
65278
42416
31837
52692
62196
10330
56622
324
14989
6742
36762
7764
17978
27412
43294
38729
21959
3514
60107
28023
17378
53798
61917
790
62792
43097
17677
28516
42160
29020
37764
7591
16625
61218
32710
32981
25185
9363
36144
53566
12713
45004
33567
35799
57602
32376
69398
54838
39860
56763
52046
3448
68784
10720
12701
67189
58293
6485
4895
65474
43
4180
3372
48424
30648
53619
27279
22313
16804
16557
55298
10591
28330
25579
48876
2042
35342
5258
42048
28728
612
19789
67908
16930
6899
34873
69230
619
28404
56124
6365
32140
21111
28756
44500
1142
39969
7461
37059
35867
20061
6291
68567
35580
25844
20408
28911
66091
36338
52975
57587
37212
16754
62302
11535
59065
47858
51909
12213
46860
25821
65684
15530
53830
58039
5823
46790
49721
8194
49684
5236
40872
1725
47450
4765
28313
21738
58435
15513
68733
27902
21204
43550
28873
25552
54728
64635
10960
50549
17877
12007
63448
5531
35221
48863
58625
56595
26441
54021
57358
37788
31183
45364
38805
37483
25484
15518
39059
12052
33342
2162
2501
69810
43311
13085
47486
69077
48090
33634
11956
30552
5447
59787
11382
28283
61900
27542
21070
53845
63481
58237
57172
60168
16782
37310
55523
20265
24746
41359
58184
49167
8489
43614
19900
26766
14437
50112
47975
51150
11251
42403
48229
66782
68665
24677
39462
14414
61793
51577
2977
67280
35143
21416
18299
26133
68068
33826
28592
1565
37943
928
55699
9915
872
40764
60499
55516
62304
6219
59492
61497
64910
23536
57803
24734
62030
47028
3777
39529
40787
22412
68625
69399
33970
24939
58389
24142
10038
51240
40033
47148
1319
33554
16826
68028
49827
57993
21390
23274
50298
53706
61991
7561
68792
38728
8880
56112
49282
22607
67988
50542
8717
24367
58241
6421
62136
42940
54011
69216
51461
21965
33203
3948
9681
52472
34241
49885
4390
3151
14894
42102
37565
53248
10300
46055
60296
48240
37279
30571
39362
50129
24411
64899
20299
55534
57681
45047
11917
52582
57773
60618
7529
45374
59750
28863
29957
38133
21495
40684
47310
41288
32259
46327
14423
57755
47538
45122
33797
52867
60467
12266
61754
19682
61108
42404
15772
58792
23288
40792
55513
24068
4959
11060
11656
30777
49069
20065
69998
15476
61942
23114
46670
20807
6653
14730
42516
49505
9081
3205
11166
22608
69787
20093
58073
20114
63701
3657
62725
45
44821
67340
9161
21128
24690
50635
12392
69926
18334
60867
31992
14487
58601
57473
43620
21423
5657
37256
11022
48144
32661
36970
55503
19153
13313
30290
40797
60743
46916
44240
47828
26498
50880
19932
3662
36851
60135
39842
15701
43888
16025
24750
44948
55874
56443
50624
54840
69422
27043
24551
57330
8912
13002
67362
49936
60772
11832
46854
30168
35294
67050
32761
29741
58917
6576
36321
41138
68888
57007
64602
4683
2266
25727
2245
18615
52761
64983
56272
26510
27743
12740
21984
38801
806
38047
49393
26042
1789
50544
21581
39389
69140
15216
16018
38630
61401
18802
44311
53507
2224
60364
46358
10684
6747
8616
812
21637
69628
52047
21667
65406
5416
62788
24252
67100
11824
68713
25843
38842
56965
53379
42274
52882
11110
51640
26857
62612
60846
42527
1253
52340
52240
67741
28133
30758
34341
17427
53025
5024
61785
40455
69316
44955
58966
56727
39329
68698
13664
23528
26599
58840
26563
7391
47851
28059
49077
35249
41234
23721
8762
15217
19471
11545
37241
34370
33669
51891
13414
45788
60344
48308
43849
68861
45836
44643
1060
29621
30796
1607
14650
54418
23217
68718
13684
69120
38459
38035
62333
65791
14105
55424
52028
28755
35193
62694
12725
68110
59432
57075
31180
22395
52475
59337
41216
67032
37741
64166
60401
2045
10821
31618
41759
3632
48583
32361
56698
30258
39785
63432
48250
62756
1148
53038
34799
64355
61696
28752
596
46726
6979
11819
69146
55881
32081
57438
1541
35614
69656
28057
11073
54784
64107
15355
56773
31280
45976
45403
44414
60459
66966
47956
12577
28036
341
60981
56444
14764
10932
40600
38827
32805
5621
12996
47629
1833
57307
27114
62374
35016
61288
58993
22797
26360
19245
11609
53289
29012
56704
59772
59887
44339
69792
22732
29441
24342
34154
5587
67425
52418
60052
15753
42482
62106
38579
48557
51275
234
42555
42897
2558
43635
44322
9015
47744
31898
4686
33416
39962
51798
18563
32544
45385
59362
35397
53681
40202
3701
55833
62109
50814
47357
59589
36076
28086
33289
26955
27338
7427
32949
46380
69
13364
51032
38937
41804
40121
10178
40531
36947
28988
26800
53262
52616
52070
12758
69489
6492
16689
64853
64370
21920
13199
46291
20551
19694
21262
26725
48220
36525
44928
6859
52104
20567
54216
46397
10169
7253
68652
64524
15199
49998
10947
30806
5148
34928
19361
52682
12292
22178
12363
3134
36560
51210
50655
43986
18830
63479
30471
47051
29077
26006
45124
4174
53455
17215
66965
69914
43549
4851
54796
3924
52537
1314
30450
38628
49087
40958
32542
44489
60124
16443
14112
14638
28430
67554
59218
38401
69083
57131
53088
24882
62509
42318
2588
44782
51084
62469
15263
30442
31221
22230
31659
28648
60584
45856
57890
60683
27993
21818
69820
61426
2196
51711
55609
28805
52834
59222
48587
22995
54799
65199
3306
15484
49428
38637
57967
14868
38846
59170
41568
56477
8285
36898
18250
52953
8032
49287
24304
41219
64089
31642
19040
2649
52709
30518
4679
36246
62906
28231
54413
40894
10943
43014
64561
43588
11805
24839
68
26001
14892
6584
8788
63769
24140
10765
45429
21715
42118
16048
22944
59912
35672
52824
29071
18770
45560
50514
42758
35021
23996
30190
2835
4863
60651
68492
69012
17627
54263
20452
53651
60072
2373
23276
41839
43342
67771
50760
27927
30568
56525
1470
19577
51949
29751
3022
51870
3911
67441
48357
3756
27425
22133
721
11058
32905
32547
68566
26453
57650
55376
42720
40691
14110
5521
50844
31226
56780
55779
32115
57282
61276
17747
60119
54531
24857
59776
43017
55113
29646
51688
46125
30683
36529
62708
254
48286
44351
18875
66556
282
32715
63467
40681
30953
27847
69610
11383
57284
35404
27362
56818
67083
6856
60819
62528
57318
21843
52898
67671
59048
40190
48178
42256
45436
51199
8701
4155
52039
13351
12904
42374
53144
48478
35139
13674
7426
8217
57123
1657
35183
58332
35784
49116
26165
57104
16466
12630
8644
11201
56353
26721
59715
15173
57752
20918
24204
33690
10915
37613
54265
33485
23049
36846
10669
58764
26158
18417
55400
11222
5639
12099
10942
64886
48458
21891
37356
42980
52320
40173
55066
20362
17650
41790
17958
14539
16223
64917
26230
29759
8302
22653
58991
15528
18917
58654
41851
10076
24849
33360
16675
24277
34810
2946
32383
24914
23236
58580
62874
36552
55958
52777
23469
35915
66324
49445
65026
59023
37888
59135
65786
46190
67325
21327
17983
423
49792
46039
6353
58533
32763
59803
47062
27937
35082
42690
36624
66674
9471
56746
3373
36298
34908
27857
5713
61014
51770
51064
4176
55735
1727
10893
726
67236
19943
64158
53035
1239
45638
17829
3094
46373
24377
688
14238
41721
48729
13371
35944
12272
63770
49814
5949
49745
40340
47519
64057
49266
25347
20604
17219
53909
7509
57067
28945
40811
68263
59040
50123
1316
56027
39813
5210
33228
64163
64386
5118
60074
38845
22790
2608
22018
52343
17657
51735
10586
5207
58015
42240
36969
41039
42388
69329
15134
11833
64877
38402
1801
30129
65070
2795
29991
59328
415
30166
55003
40718
41014
49039
25257
7882
59901
60386
27340
5311
50201
65503
1035
525
35028
3901
24380
13439
6695
48034
37269
5259
49063
62153
14403
6903
24546
19582
38221
10436
24228
14475
14599
33596
60205
30307
55259
34668
47100
54132
37688
43333
2204
39092
24001
49925
7599
59642
60046
960
32801
17435
50832
28355
63904
19756
51535
58069
35639
3635
32031
15435
44676
22554
61987
9851
15764
22427
55613
18222
10247
19673
67682
38343
25587
54909
15232
56336
4333
47171
5728
27496
4795
38065
34246
33960
52563
31093
43638
19169
18072
65537
26296
8800
8218
59177
47677
28798
39195
15954
62270
59866
66058
40444
18354
46737
8757
2956
40025
65376
54591
57159
56077
1368
60995
49368
56576
13406
27014
21933
53348
65672
58582
51766
59537
42721
6831
50584
4319
67915
62692
68175
54391
61992
29290
59865
4689
57333
45036
16438
4577
29096
26966
28194
8905
31341
26600
11151
46529
37293
33691
38624
56829
64021
29652
50492
56605
42143
34547
44625
29341
35100
32694
19383
37093
24736
40159
17713
65825
8165
61164
15920
50829
54286
34983
44755
27028
16707
36699
13502
15388
39580
4138
57779
1847
36756
39656
60109
15120
3959
31855
44019
5280
17749
13926
66048
59311
48754
65810
22113
46910
13500
39928
18592
62678
51395
5396
4697
61450
11681
57395
18963
59956
374
10884
2479
50302
38789
41376
15762
15222
1680
4326
57341
42485
5898
19617
16734
54623
32479
36117
43568
18969
13421
35321
10223
47458
34552
20762
41622
17867
17568
2954
40477
9302
43174
6585
26103
37165
25855
46949
58952
45657
44510
5580
20623
9596
8435
23482
3032
43476
36354
46217
38844
5921
11601
37435
54019
13565
48615
65013
13770
49635
7004
48768
28554
36957
15939
55306
5143
15283
61587
10047
23486
58848
10507
20097
27315
52171
69029
54285
21664
50396
14035
30202
1434
23585
65969
17444
12609
7052
54864
47371
18777
69977
13232
4706
14505
50138
57757
1126
53205
38489
42935
59124
2666
22625
3992
10014
59986
12490
12787
50811
42265
29664
60567
32420
63205
66187
43808
8793
32755
54833
18438
9304
7087
23411
12327
28636
69452
51041
3301
26844
17578
39433
1929
18022
31871
56995
37424
3164
29860
52282
9503
60427
4728
18286
52132
42893
16881
30002
29038
58407
40818
53443
62673
15360
48910
50063
39422
59934
16824
56433
4396
63217
8868
64187
30010
43345
24804
65426
24535
25130
18262
18170
24408
10681
53810
34223
22022
58620
61160
48078
57124
39883
24165
45040
47251
61750
68377
41663
34544
33218
27447
4368
32167
66514
57422
26057
44364
69708
49003
54357
52562
65521
6155
60528
64976
49267
2848
17429
48426
48908
8395
52536
29483
25387
41892
53420
40763
27349
19844
50518
52818
51221
17153
56002
49821
67005
20974
29076
40300
7117
51907
53000
39651
19463
13516
42189
50588
58021
21381
50768
10581
32403
21716
23733
27652
56141
21966
41045
64541
26611
50946
53308
29198
31565
2838
17200
69782
33849
12771
5709
49277
56515
46347
63031
32155
659
51412
69943
53833
57659
13270
12214
39582
21424
20521
23368
19219
369
18576
51309
10376
53919
1343
13198
37275
7841
22869
54639
9507
3738
18686
48086
63658
38419
21041
49385
6150
3511
64446
50346
26144
64015
44077
19258
24973
36875
68564
11356
20513
61058
14671
31468
68793
18296
47366
21782
47902
46538
47188
20684
1714
44273
26533
9513
63038
35817
46613
60412
1682
66246
56042
56346
24778
27257
34160
45995
4672
20206
9246
36550
10549
53775
31475
2502
65043
49575
51918
40657
914
56508
31647
57380
1441
16869
31464
32635
9685
38408
12583
28356
29265
12625
38069
53307
39238
24382
45594
38736
2961
49517
40434
6689
54935
15633
41760
33105
52579
29043
46011
10930
43456
27960
24167
38259
5551
65563
41699
34598
13699
29808
8458
9558
61835
5273
2806
32283
20152
3692
2596
2033
3733
60294
61438
43846
6688
12866
33437
22865
761
46931
59435
36163
28489
52660
56492
43344
11530
19731
24920
60983
61907
22170
50387
46156
50456
42726
44947
58087
35441
22697
18194
19093
13485
55910
66548
41468
6471
35847
67444
25033
18501
60608
66127
42411
34672
6343
7757
49168
18853
38158
40357
12311
5738
57627
4525
64598
43711
41355
59419
36368
61537
5692
35196
38495
13495
26047
23510
67081
7096
28811
26128
42934
57189
23848
8555
33260
19300
69516
313
16696
7056
41333
31107
9208
37507
61253
57114
53790
13787
56442
1082
40463
56052
50866
58266
43705
56683
101
69766
60016
18780
51943
16395
13389
33101
54879
28905
12591
14787
28371
14286
21551
68831
42454
36256
9270
60589
17205
46543
64699
13121
4036
48853
56770
44234
21196
34440
18248
31698
15579
24031
35599
63183
48696
1173
1423
53269
67570
55811
6181
4444
46257
1276
160
18736
5325
43241
53915
10664
19214
21441
1832
33994
67969
8305
48697
66701
48716
56593
66855
26626
43970
20895
40882
27890
28458
23993
36705
68292
8078
40628
31037
8271
26067
41057
61608
66777
9066
51178
49990
18499
22757
33661
69567
63469
7244
51527
20181
3225
67368
46840
36672
53983
44826
192
18892
61455
49339
51105
33618
42331
41667
12470
11595
18316
17911
41196
24585
26938
41154
45983
1
64968
26081
42771
45922
56826
38318
29933
51398
29977
11615
58409
39417
35622
19379
13961
49423
18929
48650
32402
5225
59224
52149
54333
48146
6660
29204
66592
14589
66045
45687
51478
65149
22862
68359
63645
46118
63798
65088
21937
5716
29556
19223
37392
60863
33194
39872
29853
12406
50254
60224
25083
56709
46847
12414
53673
10075
32358
64896
61792
42450
2110
63229
16604
56735
59440
54570
59698
10389
9594
4090
15512
63496
24695
18539
52190
66497
32751
52610
1793
1216
17732
13566
10689
69200
45730
26029
59472
42632
43296
59686
34889
68552
52706
4476
52355
69350
63783
52421
4998
3121
40128
42448
33694
45041
55616
56287
20336
19554
61257
67596
68629
43221
63337
52829
53466
32082
39136
55021
38084
1107
28857
21221
16055
18003
13417
50891
2010
50932
38541
43621
46649
42168
23403
26625
67622
2360
9809
18183
12507
59916
748
59853
48581
57085
40462
64467
60508
19791
25681
31653
60079
41909
15833
46602
37883
63893
12464
40643
35873
24433
30785
10293
46281
62376
67454
35917
31817
65742
55318
46774
15149
48886
15554
9119
6767
50633
18578
9134
8989
42208
65632
15707
29942
61880
19662
7381
2320
20306
2005
36461
68238
26899
28795
23705
7357
61491
22357
35506
51977
22548
36248
20472
44712
4955
2639
69034
66786
6543
10049
8529
36203
50677
16575
67094
57655
21066
11243
47131
65499
41220
46052
60292
34259
3480
44757
64237
51094
26658
11364
25299
40561
23838
64258
49280
39152
14778
7042
29367
42137
33344
31474
30297
14709
52718
60701
65838
46478
38734
52300
59283
18689
24586
55665
10171
15429
19963
57274
22337
48505
14376
20632
37808
35777
41797
25308
1814
48721
68361
41492
6939
6243
66834
34332
10902
26233
53598
17377
45553
31948
35077
62294
34240
27389
20969
6750
58532
41964
65743
27009
1957
11857
68756
61960
40865
45754
2627
52884
26461
39700
52269
30691
54737
44260
47707
67164
19849
66754
13722
49881
26982
67675
32454
27085
37693
21215
51378
37129
6861
21135
41522
15433
45197
62851
50335
5665
48742
50126
30828
60120
2958
32728
19435
68119
64311
41806
53156
64132
27720
35960
33892
17902
15091
9462
44813
43244
17807
32959
45913
62085
38514
61815
52997
38606
632
22236
16252
40499
3849
48027
988
62989
16664
22145
38726
68007
14316
64422
61137
18149
48060
51365
6106
61972
16593
16046
30655
2418
40952
22763
49980
1500
67115
6136
64842
9865
47599
62314
3432
15614
25653
14887
64469
45450
1038
12500
61481
24343
8718
66393
42594
1270
36650
28530
49475
183
23323
38191
14594
65569
56114
52103
30956
42042
17312
53428
51170
67766
41889
38300
23112
47056
27413
20228
60796
1590
30669
7901
61999
64053
66247
34588
45834
65035
16771
69988
61495
62088
15792
19609
46368
3742
6322
11604
4274
22658
51241
29892
998
46289
49716
28543
23004
1621
2329
25978
62650
32791
40040
5576
42270
30582
19476
13222
212
69042
58682
68723
35245
27146
52383
21272
27093
8046
55959
68813
11408
41462
23282
14714
33701
34652
58678
62062
2393
40830
20450
53882
54421
56381
377
42386
49558
46439
49940
9884
68782
65711
19327
3015
56986
13223
59987
38416
12230
50869
35473
38449
15404
55697
37336
41008
15769
42557
64234
35665
26262
28768
954
50709
42788
16567
37854
32729
36594
25467
47393
25489
64330
2550
37044
16763
46015
2436
3865
65831
32862
14952
43897
42379
16163
16011
35938
43140
58619
26585
67077
13171
18653
25128
27446
2392
41778
24592
55907
44542
13701
50580
47476
45691
58600
19899
7304
59163
51207
34728
59714
50359
40267
16019
59096
15499
11682
21466
44124
25808
63196
129
11402
15835
27851
4833
68155
66890
45509
49088
16966
50818
37740
7805
42407
22206
53648
47606
24572
7917
16028
28306
36896
32065
44783
46265
14385
16144
59824
1624
65725
1028
23054
69512
66249
21534
10704
29460
27200
29838
57375
20900
25547
69011
19201
55602
33089
36635
26621
67027
57488
35741
19341
40976
22334
68529
52184
54422
8252
15692
5809
43755
32530
24940
66813
9341
13149
55725
15459
11325
34807
69979
45721
40123
16412
30402
53312
23542
64854
30729
32308
48683
53114
51358
55747
14455
17169
20102
46925
54506
34551
64596
34314
13246
41539
44217
19247
18078
214
34722
25758
39035
25491
54867
46805
25287
17773
59573
24460
64303
51089
26556
3536
39646
63111
56816
17461
11204
20790
63600
57311
62749
58653
22670
54853
63694
7118
30787
5021
26799
19859
5312
4059
16056
61682
12581
50061
62706
42671
59193
17503
1346
51010
63051
23914
34852
44473
44980
62063
64056
1232
37617
27554
67483
65430
40108
14602
40682
14745
29411
24983
40351
69507
40148
36306
34145
39372
47545
7134
5338
137
61420
17541
67057
943
13067
45159
31032
34253
64411
26896
52961
36743
31365
3519
22440
31270
36111
30514
60968
39999
9444
37967
43046
54810
31088
13100
20099
62168
67161
15971
39392
12269
60734
69521
41770
51485
10962
35074
53590
62840
46306
59183
54600
46232
55644
52061
60735
25588
16594
34027
57619
14908
7862
49065
37178
64222
14017
37811
61716
29666
55718
43756
3407
15356
55969
16448
15210
31639
46359
52339
44033
20278
7337
68478
6208
69421
51748
29344
53513
42503
31461
34020
23920
3575
2084
66711
66752
55592
43736
18104
59905
12746
28157
3010
38740
10196
69932
7788
66955
43928
62291
13326
23286
61065
52485
17425
68268
34893
48245
16501
26964
49454
36140
46076
58082
12804
46115
5975
66501
42664
8655
19693
22411
5674
45756
9242
17469
52016
13083
53726
53900
38854
55694
46839
46022
33515
17183
1214
17835
49541
16315
62552
34656
55188
55178
67059
2139
64801
28482
31722
28581
42556
23678
14387
34999
13587
19527
2650
49047
49036
40571
69881
11869
6557
30061
55011
50498
4830
27437
4219
13636
40100
24306
1748
54489
24133
66185
33615
69238
39190
2996
27226
63550
40505
53408
26743
39203
51346
29053
1260
32126
59175
9940
5305
60510
62758
29651
63578
42945
55232
52337
16059
37656
8502
9724
19539
49042
5825
30127
41292
64365
4202
51462
33190
13548
51714
42573
31753
52798
7283
16074
204
34988
52770
36800
46864
26876
7044
62416
59142
14569
15255
37802
17035
10434
48652
65012
50145
22636
55772
62259
16066
48032
15066
53748
43625
64786
69877
45683
5270
25107
22241
47200
61721
17831
48917
13104
23008
37071
31537
63274
21971
55648
46432
42903
45240
68775
67099
39024
20517
48896
54157
50985
12845
35142
61998
56484
62488
53049
37645
65931
33749
39027
63394
43546
54116
49967
30052
26251
53934
19564
52654
62520
2315
55801
39356
15032
57059
49672
38108
34657
42129
65752
45277
19933
4118
847
27399
20308
3977
52478
13335
33684
32463
48224
10622
33821
31518
51708
48670
28299
18808
37535
3204
46856
18739
2180
17598
35438
18216
67319
8830
66577
59569
38352
22467
23147
24911
49043
55671
21445
9577
13446
46991
67169
10781
20712
24210
34816
37722
17674
31460
10450
63752
44714
2757
54270
43349
66697
29387
17476
51743
69240
46510
42777
6759
35720
4323
3863
48101
39089
19874
48255
1653
15577
25114
19679
57066
26256
18066
47242
1996
2014
50511
22475
9493
24511
44361
68760
48326
54823
17501
61925
65269
10345
28815
51641
48726
65636
7496
27532
44472
23213
57932
41638
12603
10617
20377
44091
41988
33468
14208
50483
64997
20933
18654
54062
7288
68157
68120
46383
48030
7103
57813
45551
44604
53486
33741
4611
23451
24956
30337
26417
8094
51324
8811
10114
31340
31955
62986
47207
16425
57799
19519
31908
52904
63214
62727
32601
31134
12823
65733
4439
46524
19011
1267
742
19102
40043
59806
9393
58312
61526
22168
16118
50627
21655
67767
62757
25995
46113
69299
8875
8176
55374
69976
59460
60574
33926
5403
23751
32709
30037
34032
40304
30426
36802
11768
27264
32769
55065
36745
32059
32287
14949
33042
26814
51687
30502
7990
7601
44978
23350
30261
32714
16844
30813
68186
52226
51663
47690
43215
39959
26660
4546
37862
55749
21693
56407
4854
138
49179
37249
63825
7441
9432
43840
49794
30979
4161
61087
4228
67273
37219
65056
38220
57530
40215
12854
41072
28654
37412
53441
51920
43067
31267
55750
35190
37220
66934
53820
54777
49522
68817
6220
27756
27886
36934
39620
33412
1712
52029
54534
16561
53372
16016
16730
36135
191
48820
56500
46835
23839
8676
14517
29100
38115
62800
7380
34227
67680
15483
29329
14195
15631
64893
55012
62176
2780
40642
43258
60425
13415
30860
46706
64039
53282
44905
967
46276
22572
670
13547
1139
59411
44859
69583
60495
6564
51036
13206
32807
36331
18457
63425
48205
3185
63980
40272
57226
46547
35453
13301
24340
37464
24389
65939
69557
63368
10142
19242
24547
49632
25112
19579
41480
60287
68235
3298
50998
57915
17001
30689
65921
8873
26785
17239
50801
34249
69732
30435
61049
16452
69098
41180
26055
5736
53181
8418
56047
4585
58096
18953
41750
5688
41656
19308
34098
68500
33706
39336
47416
66520
13030
24227
51614
54748
16955
47308
42924
53938
51940
69851
26202
50140
38873
45461
41819
52528
13170
3650
55061
32275
31838
48597
4329
61472
68402
22764
34765
53028
26685
10061
55324
45274
58090
28770
41716
37828
13556
5732
57618
60945
20858
57713
30859
3104
69815
7602
65830
21402
34449
62307
33532
66117
19938
49092
17623
65252
31989
24175
17539
4859
637
12375
57181
34947
41156
36025
59993
52204
30905
57994
25346
2595
64273
60145
11179
30393
40962
30556
13331
44761
62440
62379
46919
6778
5358
56144
22873
57688
23190
22815
56867
62624
4888
29536
31040
34950
51777
67330
27917
57741
7007
54830
52193
63594
29836
25718
51938
32251
50907
9046
10546
11507
28046
60746
59380
57744
16694
43431
46802
65523
64322
45556
43043
13621
40874
35288
42515
54557
43252
60855
56969
2441
43314
9864
50587
4916
35328
42
13901
59502
50755
3424
26004
22639
15802
5017
28817
3661
18521
44332
11943
59797
64698
32178
37411
2625
28999
63970
39987
35602
39294
44941
36587
5237
17187
22082
15256
9237
49984
58592
47236
35195
67075
56305
29054
65803
58673
24969
39960
1732
17368
47603
41146
65210
590
38513
8812
8233
42551
43163
12170
57499
43834
60333
67294
37950
8803
67502
67883
16537
7089
15478
18425
69437
61352
9764
27124
13133
31532
66672
7980
26372
61871
54171
37210
121
60318
20137
3762
65938
40120
7747
21539
57500
27082
26832
5045
5941
59602
27278
7713
51200
36102
35990
63985
56878
24052
40758
40613
43512
64206
57843
53221
43007
39925
39105
50816
30428
62125
50189
63141
66252
24590
21372
10796
59326
12125
47945
12796
60609
18121
62412
3386
45325
9826
56241
48174
3437
21560
32832
20237
28291
33158
12440
4140
22071
2341
12813
3199
9530
36781
68962
14393
13027
60490
56723
56889
24078
15339
54836
37145
68907
67342
12430
13670
50717
31544
31363
26187
33974
5248
16568
6702
43694
66161
27256
69073
57907
59336
51363
17658
27643
14613
22301
32888
69778
12812
49468
46134
60530
49177
51121
13340
44142
61620
15449
11115
6441
25546
25633
12622
22560
30342
63447
16865
67898
32851
9210
9265
69535
26764
12597
39945
67911
61379
27838
62933
12236
43741
40746
5233
668
22903
53827
50648
27128
6919
24502
44342
42096
19444
50767
10914
1780
57287
66440
14818
15275
7264
38943
2061
16148
52346
19597
63470
48493
31763
1506
11138
62842
34670
20141
9941
28544
57528
20346
63371
9492
26062
65605
66031
9993
23609
10974
48943
68089
61407
18266
41843
17440
3062
47657
45545
16192
37925
60739
43918
39608
12922
14629
61729
6630
5571
14664
45558
66980
38458
45237
56672
1111
37606
48763
21330
3892
37707
27524
62940
35472
9617
23251
36295
13101
64354
19229
63026
8490
56618
31797
24281
49001
51257
18648
45648
61330
24563
37273
34869
50630
51396
49404
4778
43160
42194
54158
13243
64908
66698
8088
62795
27080
27190
36805
45734
62044
6046
64287
38008
12165
3941
1697
38344
33161
43904
4534
20484
22906
60407
56041
62464
67762
56604
32827
5594
21718
36326
460
63800
31936
12254
43171
56175
65959
51080
41456
44674
34133
1424
48041
13282
40592
54160
53792
63249
58624
19989
12034
26950
7527
48506
15031
66381
9759
37589
38231
39208
36357
37551
10775
1024
2820
26544
42564
10795
19748
43214
29758
64453
46124
41765
68058
27286
21062
69002
53026
53208
12844
43136
20881
61557
40306
63930
11355
16083
32866
22422
53980
52622
26183
67997
15826
14994
3139
44722
25592
47879
32603
42624
36988
26278
29620
41801
18132
33884
4761
11572
6640
37173
15582
69089
35252
10207
36436
68362
41385
8164
23336
69995
65427
2026
33335
14231
45924
62992
804
32525
43049
3717
57249
60545
33170
11209
15678
43527
65118
16404
68920
19182
52396
24510
26391
30697
32693
55308
47622
38984
9031
44148
59695
50657
24749
41191
55123
184
23847
41185
61333
42303
40848
33956
40087
68247
4654
68763
21603
41358
68634
7216
36929
40415
60253
33429
50283
54486
65617
36723
2231
15488
38333
57322
63997
41798
40288
50034
39971
69961
7826
57825
31207
34470
20559
54144
57822
54513
51142
11142
29781
40703
62868
27318
67667
32410
1283
28868
18407
30133
52257
61690
42688
18537
37459
46941
13058
40653
39090
9752
7551
46447
12795
29980
44172
48577
30161
28510
24087
65753
62639
7668
31466
31542
8713
59236
51320
53758
8002
61116
16533
13338
29306
5097
22240
23999
7931
63712
40891
207
2298
17264
68794
23767
48016
60625
66014
39947
61509
37403
27284
56413
51831
21639
18154
57168
30436
2630
24043
61613
64077
69007
8318
30874
8993
20501
53501
69320
26353
46395
877
38521
6380
26936
59348
36068
29186
6072
62274
68689
8653
35586
10449
18712
67314
1122
4078
35727
27010
24181
23543
27087
37318
65217
59050
31366
15918
38708
54924
42976
12895
5997
13845
41415
17765
33481
41371
13209
30654
12477
4437
69423
13855
52388
46829
7477
32440
39662
21945
3333
1015
35683
8813
25225
68983
61081
41299
58172
34948
39162
55015
64310
37039
42873
46249
16889
5485
15401
10311
64353
58239
49414
53103
46565
49419
43006
48735
57480
36889
6739
38230
34691
3531
42433
2354
66987
35999
42094
61487
13708
13277
43259
63112
67637
3598
3447
62587
11750
27023
68401
29279
61425
14721
38554
54320
16509
47662
27034
50702
69185
9326
4037
7753
21387
58396
64064
12208
51814
1777
23200
66770
18093
8769
45060
30480
29518
35628
35263
34148
59729
14626
6854
10967
25920
25166
66580
12963
31903
59559
57597
43584
22120
24170
64380
23954
58156
69352
61604
53154
13780
27263
60475
30895
24999
50834
37094
51488
43110
18620
16359
16982
55929
29326
34664
14836
43590
4345
64288
24997
44741
61841
15154
16546
47758
66383
20699
43247
4244
1108
28603
63572
62653
33490
32555
55526
7319
56173
33899
37839
50367
21359
14401
64029
11265
21989
4151
7974
3603
67696
22373
44245
774
36654
67998
57206
18485
53879
58790
8649
32034
38618
1905
59322
54205
48757
27373
31018
58796
26967
62369
14341
44617
64618
4877
33504
46676
13517
67749
49327
45636
61685
20210
3910
15783
17874
54633
40610
39707
36007
33017
62817
67776
56243
25795
36239
35877
69051
18841
66818
59441
48503
61580
30355
16332
51911
47085
52803
58262
7530
62271
58176
59454
43283
66717
2563
20138
47323
64814
68939
18843
46346
58730
40449
37566
57416
31517
69723
33232
41948
6798
49185
68293
3836
16058
68597
43557
19968
69269
12865
13021
67819
10986
52127
11420
63294
3402
37379
40795
908
41128
36444
37824
49138
28065
22796
10923
62765
36919
1673
43300
13297
52924
67458
30625
16236
67729
62828
64304
58013
59860
50218
69135
15853
10268
41375
14404
58904
4891
20330
33
18922
36019
2626
31557
10460
56071
47912
27164
26341
10875
5249
5833
48566
19345
7578
7489
47557
16794
50651
43227
64489
55680
18554
47850
2941
53923
9298
64708
39495
39913
9891
65190
16963
57908
54481
30773
10929
54130
42449
56547
11602
21808
60341
41404
61123
39260
62829
27032
41695
56206
33077
4515
65972
4218
51971
16660
66652
62999
17528
111
47059
62907
63346
54020
4698
35296
50854
31140
46782
38572
52443
8510
50222
21172
15328
13228
65390
54460
25686
15548
55359
27550
36528
61745
45360
56633
23078
19156
35635
48080
37891
19728
41753
7067
34058
41701
18966
20103
24238
15657
13305
6301
763
7332
36564
64819
32407
31058
37767
10692
29775
35603
3418
11177
57891
27533
40052
25406
26570
22975
22787
31778
23795
68832
25534
45616
48151
33217
12519
7745
8754
18803
7488
7105
69189
52142
30098
46935
65854
40305
67233
40688
14300
10861
1881
17871
48083
6018
68680
41771
52780
19096
14097
35173
33695
24197
5687
33095
22748
5252
32506
37197
2376
62975
39595
24044
45213
43149
50160
11848
32605
55096
44620
46385
39112
11573
16635
1667
12180
54744
65268
51166
4749
37294
63676
2944
60964
56893
27489
24276
26958
47290
55732
38868
58690
62091
19020
39919
40922
69994
43792
69432
45037
3821
12867
19897
8245
1835
714
52794
68948
69550
28242
64611
38534
57525
20029
37246
44117
18839
64775
56894
55912
27440
52482
43288
17515
35412
66676
36428
7326
41132
39315
42770
5175
28943
47109
32029
22840
19948
5556
36207
54723
25699
39804
56374
48142
32939
13532
38783
57731
38345
36750
31389
62197
55549
64562
17875
48057
38629
61331
68450
37762
23306
46159
13788
32384
520
40969
55509
48611
40206
56298
67168
8123
48125
25391
4047
32671
66425
41229
27381
69085
61970
65121
12932
30534
26254
48809
35324
63523
14047
63875
3280
45113
40720
1099
46407
6893
67636
51778
25652
2377
25667
66063
10911
33142
7893
3091
59726
64932
61114
11329
37441
43848
18394
20350
19416
10677
6942
9144
67210
18270
3166
19161
58504
31236
51021
51106
7519
10074
61997
27387
47269
54678
42719
18268
42805
5667
17263
14712
11490
16956
32153
4785
52188
1335
4607
7649
18047
12379
14874
66785
5369
288
35798
52452
51782
37576
47731
43004
9022
38759
11012
39301
56184
48641
54018
42140
50326
52827
32545
35004
11384
66272
56263
48629
40784
8519
6430
24932
14217
50432
51296
36056
67084
63092
3596
30085
45176
31633
23742
43164
66530
25691
4781
41227
53687
35872
67899
37186
58196
10807
38215
38
13445
1301
33482
24307
9408
44875
43827
40321
22882
60447
2645
56767
7979
37853
37695
55126
18899
67420
50819
31041
69428
55139
35061
55594
8589
39271
14905
34484
26172
28063
1834
33708
61391
47910
58200
10009
34134
24152
7865
48397
22430
30372
4818
25531
8729
6170
50441
6864
49413
64683
18971
13455
22955
66616
18150
47936
7148
29900
24061
20548
68124
27593
62519
54078
58429
43267
4817
23580
46082
3569
19417
40112
53197
8211
28232
61766
51073
3703
41084
4080
34819
55368
59684
59742
20409
48288
1250
51228
17751
62187
40472
53585
1340
5016
42076
40880
32686
4147
58900
36361
62405
36235
5874
51344
43931
43646
69081
1704
16553
37770
48778
58074
43233
15981
14008
4128
64985
50313
61018
68059
23187
1313
42170
29431
15333
3883
39005
53087
5151
19675
7586
34620
32164
5221
37738
35905
8373
43224
47112
24091
2833
55039
63542
52527
35485
18729
52040
55713
37231
61343
69534
14045
29082
64592
23987
62050
59091
23958
62183
17906
43168
65208
41166
45911
45344
5205
12929
59458
45024
30834
34892
57477
59482
11588
60695
39186
49743
4310
59540
67007
25771
46468
26217
12273
21206
64743
36057
30120
29530
46643
65294
27235
25665
65666
31043
27107
5816
6633
39387
34826
16185
30936
28183
38212
39311
13809
52032
49373
3517
26744
33594
2395
14824
17818
56486
10745
41478
2067
42251
6440
55356
31583
67500
5153
50082
62985
14967
10620
45446
2299
35930
13985
41101
54490
3310
64113
6010
36989
18771
44205
12175
19203
10714
45775
17921
43699
2182
69290
40520
60622
26841
67334
45054
63679
67228
27479
8207
30932
11837
44706
50001
38794
45855
1033
19475
65869
59291
58629
12678
30199
12903
24701
3513
35456
53649
48172
41433
67463
2094
62103
46290
64035
68668
1421
16250
22080
46231
32374
12693
4197
65589
50360
45259
48761
62737
51459
43536
18757
44335
27869
33426
33130
6169
37193
53978
5313
69907
48852
52338
63697
67086
48923
68154
51556
13028
15942
49158
2979
61151
23524
36218
8784
25314
45601
15871
36426
37332
26292
16835
54609
9250
16941
32477
51477
67042
48025
7952
56577
33762
29806
38411
37989
44677
31493
68020
34196
53165
21880
3508
34746
26754
24899
67584
4297
44613
9297
48282
41389
8744
68935
39803
44425
19827
25172
62149
8512
45163
47052
11674
49920
2427
15507
20591
45675
61623
25862
8902
46695
44908
38839
36443
50005
65054
60225
33786
18310
37550
51550
29657
38338
66831
23665
54986
39873
33286
60323
55781
46776
19867
37534
10007
28713
55911
45376
55716
24531
33393
7573
47197
18822
4668
51286
34666
3342
7290
43209
47033
60992
41975
52712
42932
66870
48092
58104
22988
51506
22939
60546
21497
472
67795
48089
66751
51368
2092
7517
4583
9261
63878
59457
28255
26451
33091
51565
16851
41743
30933
35340
32346
64895
62
19532
40355
32170
4857
44389
3466
19484
33670
29879
36968
2120
1048
58319
38176
33882
16112
49332
12053
6287
11710
67012
8859
64651
49097
51845
58546
69552
59186
68624
21143
61325
27035
7729
7061
1191
43068
31433
34750
25425
23586
49822
56612
22844
34127
58414
30173
53529
42537
23100
30722
3548
11562
1274
61248
15976
40307
14883
43651
65999
53804
732
63102
39998
25578
65553
30702
11086
48793
40928
16548
20066
33638
52170
19762
44560
17723
67526
46470
49260
20321
28110
16300
58290
19923
52716
55340
60538
15038
45611
48520
61686
54878
51234
11623
14557
59269
49530
29803
46209
3135
39102
7167
38784
2824
44368
51858
13929
7440
64238
31495
34004
40286
53987
50384
31089
3117
63343
277
56764
3665
47949
7082
44493
7070
29820
41150
1103
7726
64832
90
51861
1724
36191
2902
64172
18748
13221
59115
16597
47596
1391
69716
14058
3382
56802
64307
10264
68776
49012
7027
16608
9911
49371
58692
67643
56216
20948
55366
36948
66179
43839
58608
64239
12661
1469
25228
7522
19178
45777
14292
20356
43290
28315
21200
47208
60269
67125
7761
44855
17266
54016
18412
67306
28017
34677
43346
58235
55390
57721
64692
2927
35875
28041
33981
31322
17132
18809
60170
33977
24996
53023
40941
40893
9508
10656
42475
13072
15889
64520
51944
12027
56546
52380
54964
45408
9153
25751
5678
62406
8864
54672
19658
39628
55137
38689
10883
30811
18746
38743
29285
65446
40317
25834
57507
44787
57680
68099
12001
23438
5746
22256
30300
2212
46653
22409
21138
37921
36513
9728
16152
56725
3597
47248
62740
63984
49095
21230
8539
11050
7043
26689
18829
17603
13833
52892
62407
12998
54399
22405
46621
46485
63829
20951
60658
46703
2784
57559
6821
19460
64840
1485
41097
45371
57337
2309
28277
35963
57030
69221
13362
37548
27329
59158
20186
41037
5721
31087
5310
14206
64297
12281
1206
49788
41835
67745
60672
28439
36712
53020
22362
29564
39850
67071
22090
57876
32429
42321
28243
49930
11947
28090
7356
42811
31821
62818
5649
42439
58072
6847
16862
20818
2790
67534
44684
4162
25177
21059
12459
10661
13666
32534
34479
38750
61148
60397
55542
3759
41900
19716
3710
40454
27749
47287
20796
25051
46714
21318
68662
23858
67558
37784
43455
22479
22293
67740
41868
44962
56012
40226
30960
654
35224
13689
45852
17680
38565
16199
46902
44702
5779
13808
17495
35865
42938
19442
42778
4063
18265
59234
9605
59842
4491
46698
29381
25109
40026
67810
53313
38988
60861
15071
69370
80
29783
52631
65163
7208
48720
57062
31175
65697
61967
65015
29546
31739
41481
25584
31234
64705
41768
43539
28913
28883
64378
58487
31241
7346
69130
66400
59215
62543
26847
20091
36890
46169
46415
13055
56828
53872
66008
9415
67733
50421
46647
61052
52331
8777
17332
29062
14582
34771
41814
45874
42107
35199
1464
37043
59024
12435
12727
28733
46132
29161
16333
69334
53098
21144
47787
45058
12439
27661
26894
64428
48600
53696
6823
24522
27696
37885
32158
25078
48848
9818
7051
12321
21859
42072
46435
63085
27874
2344
32882
28573
48428
69514
33862
35900
28989
44177
651
27063
124
41542
68036
30694
5606
65506
30559
18511
55136
34526
53483
4165
2678
7687
26518
16821
45959
931
37499
45369
9642
28745
39147
27466
4407
20443
58422
17333
8085
14779
40394
53912
24550
16211
39715
13751
68578
2860
54937
10853
50278
37570
62616
6525
16106
50478
56016
65829
9744
35268
62032
68761
538
40978
51281
16673
4271
15903
28903
41446
66276
37649
27975
22821
23850
27138
42079
61782
57026
32393
59525
56405
52661
18091
12457
41046
53344
27484
57586
50451
67633
49326
28571
64639
8244
32860
56553
18199
32585
57288
32366
30555
44285
4926
62884
27783
3267
61773
64298
52153
30495
69491
51696
54427
61767
20652
28686
20698
6618
12352
54629
35987
37692
20379
60688
15367
40021
50980
60247
21682
19097
44912
45952
34128
36576
39963
25282
6015
33830
42020
6914
45269
64318
2733
66367
29025
23300
39063
19266
26798
2792
57531
19737
18087
34515
8486
58949
53897
22051
48621
32351
62622
51755
53665
31055
59510
65919
58885
28931
4108
21697
17210
59988
6549
53392
24647
58253
54779
17373
35857
45958
38240
46374
17667
467
24895
40845
18957
52913
6495
67011
28039
23347
15908
38274
67254
42863
36126
54787
36139
6972
37047
60969
53655
4718
33512
41134
47896
5860
27895
54795
25396
39765
19072
27217
10269
32793
23417
43647
27791
10466
21572
30963
30103
64682
1587
52410
21756
51248
56151
9152
30611
66097
43754
41861
21018
15209
6995
17471
42219
5486
16972
51205
61306
69823
60020
35198
50032
52378
24351
37452
26216
60986
64655
31754
52192
3239
27214
65356
48233
5751
54927
30003
67256
36226
54240
30967
68900
44468
39278
17331
36221
53332
10097
67310
27371
50934
61076
44690
33586
22184
27778
25743
210
49245
66865
15658
30680
34702
16541
43679
12679
68970
30726
49405
22210
5795
39239
54049
35236
55394
28867
8772
45759
48036
65538
61204
57870
56061
60660
45068
15389
40861
67541
10691
58969
52101
34922
2798
63696
6206
35810
11518
67982
13379
59448
62674
20046
64595
23797
19455
66924
43731
64126
14846
25749
986
39823
75
14717
5889
41396
17931
64762
6149
18478
66182
13505
32213
51431
49433
16634
64658
30072
68730
17701
38244
60518
69360
44919
31632
38336
51035
31063
29864
16331
44265
16606
64919
44219
23095
5440
39241
65458
69293
13799
67477
44226
54068
17762
36150
65804
4384
65211
21114
20580
36547
59634
49977
54411
29092
19795
45179
39822
24173
26241
16566
13498
41677
33988
16100
49728
68420
28794
51799
22678
21990
48019
55614
62049
21890
38397
50345
26452
39368
26742
19436
8377
37492
62141
67748
10961
68276
53834
22811
16432
7351
55038
53342
32138
347
57183
53723
50901
2457
9657
12255
52781
67697
26237
61984
23131
55199
17133
17082
17620
12569
54743
63625
49211
42289
28599
53293
58348
51023
52375
54916
42994
23739
62766
8062
38087
59974
36937
7783
31408
12549
8706
40244
10764
22161
3237
19709
41912
58427
63901
4171
32617
18931
52943
7549
36369
58391
38512
24540
39603
58250
64769
64416
37457
63327
50973
65993
43015
21739
8367
1884
7760
68822
52057
25733
66177
29488
47802
65222
63994
26027
18336
3260
68871
56276
3124
42402
305
67521
57025
36110
22728
21850
36538
62549
6504
66265
67199
60452
52098
57977
14865
10357
69574
11453
66218
29742
25603
8741
6453
55005
23110
63185
2829
40494
733
36583
39114
47773
32774
3856
49447
14197
8693
48374
25479
24360
33539
49587
17290
47594
35262
14077
66148
32970
13424
67054
32517
50808
56471
58466
62558
15693
7957
54974
13264
43666
63275
7482
54273
40259
53421
25021
35880
27283
62822
37208
61359
8300
12201
16513
55795
66052
10340
42832
64883
66515
26639
67691
13611
25623
9925
47680
18698
31194
7658
19081
38116
51587
11860
11568
8058
6515
43443
51029
39801
20129
48249
37547
18403
34793
25344
28697
12353
6819
13963
56849
56090
69315
23105
50536
20650
43428
53387
21087
26895
52753
7672
48094
29144
49015
44216
29042
68660
44021
55675
30053
52367
52688
64751
22216
39711
33400
23255
42697
37300
40163
58468
49646
23659
42430
22853
37254
41874
17145
37466
4017
8075
6398
48435
20318
32541
17884
26026
17509
27815
45356
55827
37982
51759
40634
7848
51699
66503
57807
45520
65987
3668
19458
56915
50614
15743
37505
19838
17372
46101
46996
55587
19030
44520
59230
28890
36299
33031
12817
4764
3712
69771
1366
30592
37841
39870
65815
21883
22555
40373
10530
27637
38964
41722
34684
35444
63781
59280
21905
33935
25781
8158
50520
30504
64510
36224
15648
3472
14062
43930
7227
44383
58464
66176
9489
5706
36292
28904
1127
57552
4058
21985
54798
65309
13643
22889
45243
48625
62289
20449
6664
63282
25764
37540
16812
41026
46122
59554
6423
47953
66050
40706
44276
48409
19241
24925
45202
51037
63764
37742
24231
60275
31147
56127
62385
26761
20727
52220
19558
22886
52164
1008
55767
30462
25870
3273
61268
22417
60283
29330
37572
37698
49134
16997
31959
6062
22476
60721
1261
5370
31799
55497
17629
53256
49621
12291
25952
13725
30971
50775
61441
58321
32345
27232
25707
2886
36394
5930
8554
53396
34010
69057
18795
45903
10991
33496
47702
10721
57340
58766
55541
29729
31773
67650
25395
59297
25567
45988
35090
63667
37472
47947
59045
23026
33581
21192
67638
51276
41928
20620
42406
49884
56032
17860
50731
56180
29724
16882
322
44730
61064
9933
35515
32357
67841
705
46200
50856
64050
41631
65052
19501
64066
33285
2390
59656
35424
26235
8299
30419
20467
52628
59663
7143
42561
65280
27939
61655
21366
28724
34011
20925
39423
59909
61901
37003
65229
2618
427
42759
46166
49605
35182
5072
37937
23699
42446
34647
47620
19401
35012
40660
58938
42941
37990
59645
52480
53198
16040
67912
50185
67847
15088
65
58972
16041
62346
25246
44678
9648
40456
38597
53630
34174
23218
68479
57148
53616
50477
23382
23374
340
5597
64996
63914
57267
18785
40488
42698
59304
51924
48254
49533
50950
39007
6098
31857
21805
25214
23124
5827
27066
31873
49736
43713
660
2424
15650
56578
34420
53929
32816
29569
28444
51384
30375
16304
26098
20387
14754
32072
21900
54967
18627
22719
13920
56380
37952
28749
19568
35220
19720
63158
33657
25434
41547
49045
9709
16613
13604
22124
31688
25710
33444
38951
24000
63154
69902
41341
67987
40395
47163
21554
50049
65147
55300
62561
41538
59178
18799
15668
48473
50074
65597
4135
25726
9126
47204
44187
69997
62876
41172
50080
51066
65047
58958
48519
16102
13980
37048
1098
6458
29810
9115
37998
47573
52017
19614
49777
1443
51377
62936
15337
65205
9191
63882
5413
42558
19445
69387
58703
35297
22641
14645
28946
69217
15527
50290
15176
34990
5386
21436
34090
6355
13475
14856
20689
42565
51410
13964
61947
38128
64232
60136
1016
45541
3882
32616
32925
43636
3309
17858
1965
5747
17882
3445
39227
4488
9085
69142
16298
41000
20947
29223
65183
40566
31376
25779
1544
19359
7520
20859
2116
8081
60356
37033
43657
11940
68164
32068
3676
23002
18044
24335
7362
66283
19704
66570
31547
22863
35478
61029
66881
10368
38151
23466
61090
41610
3678
62108
1490
36213
44135
4802
4932
28616
30491
35377
37520
48059
52189
57556
39496
26054
7421
32090
68994
2581
6846
49139
53324
32143
64632
34297
29019
27458
52495
30639
58787
41800
6964
49647
47644
16943
24794
34718
24430
50472
8268
39467
18269
14343
34079
53279
60013
8320
48873
41040
30420
51072
47562
47223
6888
51998
6037
45025
29006
8684
47132
2350
13289
29154
276
55990
42731
17837
66866
35716
12484
6459
26679
23794
13600
54649
42548
32600
35838
5712
50700
36078
13692
14735
65795
34418
64782
8908
7663
32724
29449
2107
69465
54604
14866
36992
48626
14863
45015
35332
29637
48465
645
8692
13550
45205
59609
1198
58194
39629
32076
58839
35801
22431
57683
7242
15996
34427
46880
9478
24715
14167
39364
25934
47556
43116
14736
54770
22195
23612
52446
47315
40762
19797
50066
28962
63378
22602
36222
4711
60002
56919
5574
1510
1808
20459
7132
57222
8643
55753
31214
67494
53582
26032
5049
63609
56874
38567
62966
35259
63199
44302
66648
33303
18716
10621
22254
47985
26245
12445
67781
6800
26886
69878
65061
42420
5784
32662
31118
7188
63113
61633
6285
13496
28250
20300
14320
10708
19205
59777
30805
62403
7145
1864
61350
7257
45076
23803
5417
5735
20526
68313
33897
12849
31683
15482
17840
29833
4770
27311
18053
54106
68312
60036
37041
57331
40191
43383
12373
63557
63520
61165
51608
18343
42081
9746
39002
6378
5211
31344
38590
51736
21399
40485
17179
16726
19549
30281
53796
4599
23161
31585
28025
44031
27350
51726
500
59910
67624
44869
58137
51239
60613
38403
2322
38319
41593
26404
43205
56268
2382
68289
63288
7767
16278
42529
14290
10242
9239
20012
39290
45992
61152
28627
46922
11657
61410
33129
6190
42073
6175
35676
16077
29452
63018
10536
31971
10981
47047
35096
34416
24409
17634
52799
66569
17352
55399
1758
35360
55539
46400
17814
13416
24005
29905
8099
42417
40650
65843
8946
9236
34019
54400
20814
48871
39306
21500
46332
51284
22857
29784
36290
26087
32004
3203
59372
67067
43286
65380
65543
5013
16577
64689
1858
13387
26606
41369
50689
9390
19259
59704
43920
31943
1347
63619
68424
48091
36508
23547
47767
30779
10885
69662
28024
10287
34402
14150
51048
5437
19479
27738
3825
18379
60769
64286
28061
9518
51033
18696
10099
36881
51323
54177
41357
22839
13491
62079
43011
61704
17761
51014
18912
9647
10680
13750
54150
68205
20877
40466
41027
18353
40062
37350
59828
16525
51216
28578
63237
68563
32847
27615
55624
19065
46728
52852
69946
987
63453
31035
14789
15348
9983
37051
48571
25407
34498
46066
46004
69596
67033
57955
62823
10717
49109
14044
19677
22565
64099
50955
32447
69801
16750
34697
15024
42009
6052
65961
22397
52358
23577
48387
10337
36986
19780
2816
62028
7263
14135
28407
36782
6921
52126
42370
8840
67933
1164
52734
3427
43972
46891
27812
358
25998
7840
12078
61469
29971
20207
48134
51546
10953
4369
35484
51775
1407
37760
1866
2555
240
31098
52208
20128
47908
20374
12096
61132
57866
62240
11831
52222
28035
26885
443
31268
39543
42494
57739
10958
68801
38603
63295
14924
592
64153
50318
20008
4360
36558
8167
41933
10860
152
17584
31222
26834
67616
54668
61483
10804
39908
21865
64731
15600
16258
24491
42900
51844
25016
55000
7457
29166
19940
6251
13405
20454
4306
8392
37628
62276
25651
36563
64990
64024
4246
63017
44670
42748
12545
64914
47791
46667
32639
64783
59252
26114
58229
49104
43857
64263
31706
14459
41113
43118
68208
25433
23360
57246
17802
4383
67507
45786
41188
55823
29385
55654
41190
44885
66428
12599
8202
21593
24934
44430
1525
60276
62280
23582
13613
49346
7153
43831
6061
15557
56289
3307
13039
7989
44623
34768
49355
55673
36358
34438
46744
41696
23406
36445
18431
61698
33791
12999
14875
3908
61026
442
65736
8690
67659
4675
9057
13153
55588
17134
49692
8727
55953
22752
45643
25725
65144
18405
61222
32505
45119
15917
57294
58463
65820
28546
45681
15751
6907
22792
35945
11801
12002
59881
53688
21824
50308
19051
58955
30405
44743
749
13024
39888
34939
28758
16665
51760
29575
49434
56658
46278
67198
4815
3875
55947
51475
59180
5058
24825
35551
40079
53532
4123
69414
7476
34431
2043
49192
28569
17186
50599
31442
27634
40082
20383
34482
65818
66806
60596
47607
18364
28294
8354
8269
28478
49412
49618
57357
56844
54593
62002
51385
6161
62590
58097
22410
59877
7151
7851
23436
48444
7664
54118
65404
5034
54342
60092
30150
31400
44456
43304
7184
53514
13254
7676
2952
23328
22673
26693
39741
61929
57566
45737
28135
9209
61175
68532
45303
65155
39783
52710
64248
64574
67079
28952
41050
40755
15959
55375
10900
17141
9598
22819
27337
58698
28469
49430
7473
26948
43560
31910
49864
65654
27711
58248
65441
60560
19865
39798
55260
68769
46317
63065
43777
41086
53209
63937
35918
12101
69663
52009
49816
44579
58997
63402
40943
65941
17387
24561
6573
19550
5924
19267
28337
44131
61033
51549
838
59110
57551
12478
38435
9231
41411
22851
49708
19553
29311
2728
66789
29580
8029
61811
10094
46167
7036
34324
49223
5581
60843
57583
2380
36819
3725
17021
46526
12675
12721
23429
22263
36074
17557
34986
47443
39346
34383
69228
30309
69901
50027
27454
56195
39320
12474
47151
18048
62597
19489
66595
58841
25465
5967
3855
28514
62499
49892
3331
43740
13436
8878
30013
31387
46417
40734
69956
19687
48887
8833
46801
327
67506
61702
55305
27296
31685
31406
13257
60905
11013
29796
42344
11511
24624
3774
7933
45760
12868
2763
58259
47843
23302
30016
11139
16429
6357
27488
56859
13380
60504
10666
26927
38205
17943
28601
3952
68107
39974
5896
69288
53030
60571
51201
42106
65566
17302
58461
54547
9774
48322
8869
32335
26893
69338
14355
2257
9367
34426
41017
20771
39523
49933
66618
22213
37439
2181
53320
8992
8304
51928
68527
19154
69351
58862
57150
63516
16854
5515
53759
59574
12037
5178
12909
6855
45994
48046
64016
67942
41630
67753
48966
53240
22112
48841
9968
63408
50629
60228
57290
32208
13005
62579
53603
13476
42364
39835
43308
42713
67312
23636
9787
22401
23745
37236
4411
67786
52568
29629
39679
56695
17957
60367
43061
66633
43902
13999
7566
26072
37704
41038
65040
53512
69657
5863
6729
63069
27576
66037
32180
63001
28152
68952
51547
25625
52787
39226
37366
40287
52345
35121
53632
9313
32080
60244
30586
69285
6375
9380
41486
46772
21015
59949
37892
14670
12369
40347
20844
16260
51742
54483
22849
49962
5996
7262
32536
6374
21588
26984
13921
50035
5744
54041
25526
54443
69024
42209
65928
38387
28907
24471
49665
41816
16142
51464
40484
10326
51643
67418
21991
40011
9960
5357
23980
22832
62862
61694
65744
23361
44007
56771
35115
47158
13912
20298
12234
17727
37006
65971
23684
61798
59628
55688
39303
48524
56663
372
27356
56237
48532
58867
45840
53267
17865
66670
20051
3558
61581
17800
46594
10475
47952
40303
60456
60691
7431
47546
60650
56434
29496
21352
44695
43309
25135
11762
47316
39255
23489
36921
47353
22237
27966
6308
55344
30847
58033
29713
4963
43031
24432
13025
28910
26759
38005
23056
19307
39626
13237
18751
56864
42325
5969
63549
33601
53656
48097
42517
22983
66076
24221
54863
29846
10108
24441
32899
21102
51111
46650
48366
40937
9369
40603
2252
48486
29582
10040
17946
54788
14178
44410
55052
27864
63424
40009
69249
44087
20226
66034
13669
8747
11662
47445
69287
47636
16091
4038
60059
55948
11537
1818
65864
57410
35111
66772
32786
64471
65025
31832
30200
44207
64605
48897
3963
22044
20115
65653
14965
68455
61926
32848
24328
39579
49480
65457
50256
490
21948
39003
24726
50900
17795
61443
63278
14920
11053
16052
36376
64155
23314
51633
50967
44346
12579
10432
27768
31888
46273
19831
43482
52985
21315
41419
41812
60176
30954
63672
39961
42919
66605
34059
19870
16047
47768
68953
55805
69680
61012
38659
67503
63640
22348
28531
67560
53583
44211
12677
62275
24728
29573
39642
22025
19343
50961
62317
27379
60284
36599
21364
54095
36336
5512
11046
17980
12467
49840
15566
8036
35711
17262
48614
13262
10531
53680
14170
43339
59425
41096
56362
32565
22432
16104
25740
49779
25290
37504
35144
21531
28078
18396
21721
27537
68576
7064
4328
61757
1291
59383
44657
11116
25786
60423
17625
36071
30904
44101
65364
7079
10835
39645
63715
18805
25133
31116
46402
16683
31798
27518
13499
54370
20303
20302
28781
56821
53595
64083
26661
53200
19724
22396
21442
60169
48558
36752
22361
19802
2589
35714
27807
34244
30494
66952
14272
69584
42059
9071
16200
57336
68998
48382
50551
14782
58211
67357
8283
11478
27004
38485
2744
15158
17081
18855
61625
38413
63651
44546
14382
45151
2445
915
37813
16492
36431
551
24114
39201
13096
23142
10793
17379
49402
55159
12536
33136
43365
47922
45207
57009
45396
54607
15708
66901
47330
26398
53541
57089
17992
48487
53285
61217
62900
44044
24860
4613
65171
53330
50870
59465
9039
50704
7014
42603
27142
26648
6335
35435
17526
18166
21403
17876
31701
13834
49352
19141
741
33867
53858
24515
3602
27552
47649
2970
4961
5968
50041
38656
15563
64450
10584
66211
32370
40390
41309
49314
17416
11276
53418
4541
20758
32448
29962
50110
38438
54280
36991
7799
21446
3894
41003
7207
67630
48664
65212
46119
34597
37430
46692
20173
1791
11541
69468
886
913
34856
43415
68972
42046
39270
22239
32102
5408
68938
24626
37481
35283
61461
12178
61271
35038
479
36008
7946
28577
40533
52176
64150
25186
3950
22342
38968
31253
59594
3644
47488
9781
43730
41658
40503
62648
48834
28457
53998
4299
64243
61338
36108
8686
54389
25281
52373
47230
60319
10066
38911
56615
17108
29425
18635
17888
16600
5445
20894
68334
31559
10572
12889
57656
27617
53350
67047
2417
66064
57137
35510
10321
39766
28498
68783
47782
53352
10637
52912
17218
68850
38605
32712
9364
59143
17668
46465
40547
6813
53782
35776
60200
948
43838
25724
41788
19363
16276
44099
53893
46827
43609
5851
10636
67924
49499
24143
48933
4061
47624
19226
67886
7539
68705
3387
32347
27747
39349
18781
52216
57935
61489
9189
30645
22266
53171
46212
28505
27725
69834
40331
36531
64465
35511
30893
57457
41833
22398
65779
45937
17043
36615
44105
53071
35954
50088
15026
41228
34783
65776
27646
66223
58347
45967
51669
10701
30822
6415
66726
4238
55640
27030
27653
64961
2030
49307
51345
47877
8241
52872
39204
7860
53924
27027
59768
11809
56557
66590
59306
42383
21259
65749
67061
58066
46559
25278
45160
4774
33166
59941
818
69684
48857
49221
63890
27990
2006
2174
48610
24120
43334
54243
60766
5069
12286
58942
51703
19413
48656
63129
50708
7284
36244
13367
45654
63588
12810
65311
8845
61573
11495
2889
46803
42412
66422
17913
11449
10934
39657
37627
648
32777
60438
25956
66333
1284
13084
31421
37610
31957
41311
7541
26507
16760
9290
40916
51567
50033
56598
55808
27788
63827
7684
56476
980
57242
69494
41565
49201
4589
16206
14933
14232
15085
55515
51479
46563
26181
60764
45194
36606
15008
54793
41927
35805
12017
20496
46553
4374
23453
7456
37
17158
43182
39504
53921
44359
58638
63406
57606
67443
60379
4204
12737
27422
9975
49668
9001
23906
44808
24207
30145
7368
65644
4803
46240
23353
44760
56956
19696
19753
27968
18042
894
39847
10343
21223
12934
62665
51076
2865
61949
1863
39494
23514
55076
8471
13906
41550
46536
5666
44629
47261
11740
57914
45120
1117
60437
33667
52427
63741
22099
25646
3477
49008
19120
11948
14181
53067
37896
446
63961
32886
50336
54976
23481
28558
8117
61589
44886
13322
36053
40409
20703
56686
26777
9690
41863
2454
38654
56064
41981
69202
64483
17490
64257
14463
51185
55372
8384
57070
13657
38481
31648
41223
11863
63019
13040
53416
17246
63962
59176
30596
49460
60285
23461
53734
10374
10897
26276
55844
47534
12763
6253
3156
64587
43335
27019
58421
40530
67389
16905
44340
61043
30838
36900
5705
48772
52993
24457
23654
13049
31575
48991
52183
34232
38932
13884
10716
50373
5285
1496
48858
19623
13564
52347
69996
38445
36684
41818
68816
37329
4852
4827
10766
1300
19819
59586
3201
8182
2038
36158
4999
33404
36156
29030
69458
11846
8477
25560
9725
40509
21185
44192
57770
62551
40518
56760
19262
49264
30554
20766
47970
36372
35775
11214
29485
51511
47997
39931
69222
30047
56538
24799
52956
44139
11654
5623
62681
16783
59020
61084
59999
44166
69804
3468
57945
43446
85
26602
20288
34604
49986
14507
61605
29602
4521
48992
28071
47537
17329
35179
55632
61928
10101
29409
48449
37271
11858
32495
57329
2594
12731
9469
41653
37405
15082
31737
47231
60856
22098
30961
42308
38468
58063
36831
19000
21488
63543
14446
34310
63393
8774
10890
55331
25728
32310
50883
17778
9916
64055
42590
49181
50653
27954
18555
44537
64559
19006
10731
25101
65515
6518
65417
39577
49305
43661
4739
25700
42414
19944
37160
68184
28343
67897
13487
20019
49218
20550
51545
35596
67229
3964
64316
1461
38266
30437
1026
42855
46079
68606
30212
61850
61666
8835
67894
57534
604
6104
11580
43860
49075
17966
36199
25410
57283
10577
39617
1172
68893
61281
36205
5502
17897
22172
47466
64036
28847
35724
2719
52932
67608
66999
52590
47104
55095
44699
67468
62122
49143
24128
56393
37699
67450
32256
8770
5230
37965
66780
69431
27781
61163
44597
271
55831
35314
36959
28661
18357
12635
12244
55649
20437
46266
9074
39506
32416
49573
29172
10898
19369
9557
55219
18793
7542
9052
50972
39912
50959
42740
5302
50403
52004
206
5511
29660
37930
24366
48769
32195
39550
15877
12388
35939
66861
41551
20483
46757
17436
56234
22938
6045
42469
5108
14479
22923
43591
54592
43358
12246
55664
63133
63441
33868
49222
40529
52000
43641
14373
65777
9514
57624
5846
57780
47771
45302
36858
49682
20808
32128
4945
16790
53222
6925
36677
66932
14532
65461
42803
69904
36660
18599
31257
68511
11893
20661
646
11632
27377
43028
24987
725
63003
41432
26942
14568
48007
54624
21124
31883
12303
24671
46064
17847
33829
42576
60522
60045
22578
6916
50506
26863
2133
31878
46254
45600
469
29317
41548
27945
25069
11019
45508
21108
60540
55121
41440
32677
3317
35851
46577
16787
10348
35078
59982
8446
19812
34086
27365
61634
38305
5566
54980
65228
21107
13966
65839
66101
18352
56743
37836
16556
17883
42931
30737
20936
58816
31199
52433
63982
15881
39624
26037
67339
42461
30040
31094
18604
39778
58244
37890
21789
42694
42181
25221
40476
16859
31367
34336
49875
59121
44249
46021
2052
26701
57941
16423
11077
51785
48024
17738
31509
46503
11103
51392
3175
50182
33513
8007
6833
30367
11302
15369
25162
12179
39812
3851
8634
10846
24589
4112
42080
12408
50837
48746
41837
18631
12734
49083
609
47972
17067
44209
66534
60562
2907
32572
34525
19571
49422
49784
35726
25884
22456
24466
32664
4507
8517
53328
882
66215
63683
56980
39011
33134
62190
28718
52094
69762
16657
12158
55991
45127
28382
19750
3551
65255
54969
60730
61756
10658
20295
61008
41917
25850
58776
16218
11631
2400
21821
58275
26406
20405
27219
176
59232
42963
20587
38522
4463
49130
15316
7954
20218
50991
16382
66884
68590
41147
21640
11992
3752
10430
20147
4779
7915
18410
49483
14237
2500
44781
38631
8447
23499
4389
55415
65957
29064
63644
39635
56715
29811
26465
38885
41501
31643
55477
52659
7583
50895
39680
813
4292
44565
5477
42123
34602
21461
62810
57102
13620
51364
61233
36569
57476
41213
58743
7593
44097
9652
19446
764
4539
62462
18955
4386
36488
4373
61517
37680
53333
45534
28762
45017
41905
6876
18907
8403
31853
10382
18450
50863
5931
68969
6645
45680
7053
15103
6371
52368
17665
26370
15261
28427
60037
6240
6351
4357
11934
61755
35656
25209
20421
67989
35047
20179
39893
54496
8562
58980
12205
30709
40836
22188
30900
24062
12127
60489
3555
28567
25319
48285
38236
38196
1442
34787
2097
23837
6043
20676
67113
28561
40666
12714
7896
68104
24472
14201
32481
57931
54010
53080
29500
24359
37337
59857
27547
27473
18932
42405
49754
62767
33614
19351
68693
32806
69451
25482
20170
20792
2240
44369
42651
54337
55289
69697
13036
32676
4349
66521
22709
61224
2878
16686
20121
59097
32353
37876
41850
23690
25475
54886
2330
5663
56793
1220
52816
5348
58800
43250
19765
1975
58829
24474
42860
6144
13325
38745
23471
31676
36329
11395
66626
15503
27183
18667
66144
23197
64934
32171
66415
20122
26783
21855
34214
15327
49926
20222
58032
49079
50947
16808
25369
48959
2068
29325
68431
56721
66364
1936
56310
1513
13390
46219
21131
54376
55655
2673
45340
28707
23079
64136
18426
25734
62684
67605
8475
32451
54436
35109
23844
14145
35795
47550
54090
32338
45811
8232
15502
48014
56461
25802
30926
59859
3375
32060
56837
13870
68516
41680
37406
52194
69974
12945
23952
3399
38467
34038
3617
33018
58337
54134
60382
5937
36809
31996
12114
47041
31598
8413
69845
3674
22445
24083
20718
17182
2507
52458
53774
45634
10850
38463
40198
46274
48008
25890
26741
2462
68645
6007
22971
4144
29479
46812
53694
52086
9904
51941
67799
26710
6887
30081
47801
23258
15684
43197
13899
40261
61449
63331
57158
11350
23679
29418
30341
44583
37768
3631
17190
10686
54805
52215
21623
32456
50418
48320
67585
62805
35186
66068
20353
27794
20898
39553
30513
36998
53219
18230
27508
25737
60310
419
36101
32461
25915
33149
45428
62969
21303
13253
5885
31864
29383
869
37939
2127
42881
25992
48549
57315
22729
50113
2787
16914
9394
43220
61933
11959
53959
3286
56599
26912
25419
57047
34662
26762
57996
48253
55529
25991
58426
2950
67777
26068
14526
58874
60378
40343
6705
45932
53623
40889
40858
59685
299
9351
31700
30054
16579
9385
19855
34037
35311
56974
52140
18508
69614
19886
51672
2358
19601
51250
29138
5179
66693
42571
51917
59895
7423
27347
205
12136
69436
67936
62043
42431
64360
498
52080
22736
2981
7656
11173
11310
41572
51427
69402
61593
54818
24879
68690
68301
51332
64329
25561
3007
67999
55676
68858
3648
10002
56391
48451
36482
30253
27276
61339
29548
61653
7209
59415
27231
52302
46001
19431
69685
16517
29934
16614
68463
3983
14322
46699
26208
68288
20143
58604
68699
10244
52719
33643
46852
64594
44924
41563
25197
44553
25885
34976
582
13274
65681
30738
42792
59117
25092
40771
38347
10063
7964
12699
46985
64430
27596
24610
31206
6264
51065
55913
14096
33616
56319
36042
53942
48850
51429
26901
28345
58626
15102
30622
42566
67668
60860
17981
67217
32962
53043
13471
39989
23693
1671
49081
39578
53605
13345
44378
53183
21255
2546
54392
64071
64663
41556
49584
55567
61567
28303
47555
3247
9387
32725
59897
63153
11412
3645
18522
67070
11032
28518
38676
42661
26014
21510
33350
30717
34021
30064
61706
53068
31494
23313
29469
31395
24104
17941
64591
5125
46406
39342
26104
52615
1249
34211
8162
14620
69092
5170
38226
49440
49625
47218
66023
22231
42626
3484
53358
7055
28099
67269
2647
56498
19904
7629
54293
69109
23664
40019
18056
28111
60150
36495
48565
45073
42119
59102
58814
54943
9763
29050
42742
24557
32339
58616
53249
64445
53522
65952
4445
2994
12948
31166
49171
12778
14624
34953
22175
58695
11409
50460
61282
36388
14279
67043
60556
60251
1595
47054
48523
15161
22657
68345
42340
58988
44771
1086
6414
37772
25212
46963
13115
24358
59157
19586
5124
16898
48217
13435
44686
6832
67475
16136
33879
26568
15415
60214
51371
63553
21355
60565
42937
47882
17225
69062
50595
43448
48115
11146
11961
34401
41584
18274
20133
51159
54712
60626
51169
24101
52328
27323
37396
20735
64706
132
52451
23166
37233
69917
33945
20965
35254
54035
64474
13138
48971
60166
44624
19376
34218
19057
15972
66124
49579
17942
23640
69690
56150
27199
39861
25975
16603
23778
9330
9894
2730
44794
23214
1857
1622
11868
29393
7715
47086
50730
9142
58871
67429
39917
21487
29555
51681
27835
62892
22198
28809
30981
30102
4905
39130
28796
31506
60949
2714
35022
61985
41516
65591
33177
54545
41859
1093
15021
27173
32390
62871
38273
44280
69650
62035
35804
5256
44834
51204
47938
16932
11984
5429
4862
5173
34868
18638
43555
61322
63628
31985
55068
35167
46463
44703
61547
24524
45863
31255
67790
48026
49673
63377
50350
57450
47709
63136
50392
51537
40027
30154
25964
62404
28493
4223
62854
19037
6345
16960
50765
10700
14262
38592
65198
23650
51253
26400
34830
9523
26854
2048
64487
52564
9845
58355
8256
17150
7615
7230
8168
31904
11206
55277
63342
25887
63150
3490
8883
2782
31260
59444
28620
57125
6885
49265
37600
26017
50343
25208
15694
10521
59243
44426
29027
11555
35055
66926
2857
9600
63936
51919
17783
3052
33370
69335
5564
49172
784
63528
64569
15661
42687
40127
50402
46051
811
22541
21379
34345
21699
14418
57299
43630
14853
492
24298
35965
68617
29427
23174
23631
49018
23598
18134
10616
35432
66316
14342
28072
61772
6314
44241
27313
1717
67625
31403
4267
46688
31173
3919
67707
42962
26971
7762
38632
30474
4871
39866
31736
3680
5136
6924
56934
4537
52297
17032
563
60792
38461
65436
47548
59481
29687
59508
7353
69687
51298
53828
47327
53167
15438
19953
7947
64152
29244
4198
47963
53090
16938
48284
68530
54953
3132
61290
55742
48915
10294
24
35093
48423
52228
25986
9010
27538
10810
61800
52468
61528
55079
44060
359
57906
65167
60810
37207
14744
53252
52713
20477
19236
5390
31445
54185
26136
34261
59915
17828
50503
55968
68947
19024
42008
92
9362
9635
22023
30399
47282
39267
64660
54869
66082
16072
17250
27597
53832
1619
15911
61828
9454
13398
38558
59013
33642
56541
62995
65442
1175
3880
67231
56028
55167
42880
49322
9822
46697
30418
55864
20110
17481
27821
17046
44523
30360
45750
35892
57883
5359
66981
3362
50673
10928
6489
25353
38394
8388
39764
30021
5553
65137
9909
30851
69695
39388
6880
6765
53738
37578
22970
29552
19208
23939
27999
67653
56759
66763
14141
4738
48219
56680
41225
5381
41098
18761
63020
32120
48295
69859
17147
67529
68041
64221
8055
25160
13413
37280
66912
63925
69358
61961
5316
19350
61952
20641
16585
4811
45473
17754
41048
36611
25719
10352
33731
16800
35976
12523
1794
9569
35387
31075
59989
11479
22712
39181
45102
62953
68618
12846
20390
47367
23805
2839
51791
22543
32244
54319
17816
63180
29663
12390
11995
56096
55983
42460
69991
51316
59699
3274
14518
2933
8960
40380
36713
26076
36219
45233
35237
12368
44606
41408
7439
44258
22858
45939
51435
22200
8324
48460
64525
41704
38902
36079
14384
61005
20287
58345
69937
65622
13157
34548
5181
68875
40282
42928
53761
47073
37614
35112
6881
54215
42353
4953
44904
28448
49073
27191
38384
57661
2385
16196
27745
30250
7465
57407
29992
66969
6085
19487
66446
55510
10140
56509
5607
41908
39332
6477
50894
22521
64148
7205
63617
43926
52987
8583
64678
69827
27663
51819
61660
55386
57285
10077
37801
37255
42437
59398
49102
8792
19667
10887
20456
27198
38825
34300
26717
63812
45228
52702
38591
57828
19659
44084
6592
6356
66738
2470
55937
46811
3737
37620
35769
49136
52779
64154
55533
24029
18205
7314
8790
3568
12192
58420
9958
48541
25971
8826
60418
32133
60816
58645
28073
11714
51667
48392
50966
6311
35709
44435
20994
43420
19496
58978
23842
17775
61463
18193
42001
55999
68615
11717
31133
42418
5605
5350
66823
57260
19454
59590
47215
55119
29236
21034
64885
48491
52680
49040
25088
63618
66685
11387
54409
36169
47077
43054
15398
3337
45916
34380
46874
69533
47503
19702
49490
69069
38820
52897
8426
61553
2103
3350
37185
16121
47507
8968
60587
60595
2195
25695
5212
36334
29612
1840
17473
35637
47332
34504
19352
60227
35399
41582
12325
52062
59423
43055
48900
399
26569
18065
32466
5942
14897
66330
59673
26537
28393
2121
12216
26213
17574
52301
6247
6134
60989
43779
25119
46975
18307
39047
34006
4087
35346
32922
51487
62646
6755
22383
7820
66028
12826
16178
59898
34338
9538
51655
30982
9662
24633
22977
34992
57219
51554
23969
60388
12733
23729
58719
58359
19701
37615
11895
49174
48811
22997
48930
15347
35667
5395
38046
50258
16427
30500
54128
19648
1403
9584
5617
28882
68748
7533
64987
67802
10968
62082
38163
33269
65955
46403
23644
40458
6675
52854
65295
54599
40570
11882
9182
51115
53511
67806
3223
69691
67972
19123
8736
33664
64010
27751
24239
67197
26201
25583
48553
55669
5342
16810
8129
64274
13065
5293
33244
12085
4481
31122
43868
25527
539
46053
11320
48651
8040
9127
55140
55902
68316
40738
56581
4336
18453
29016
14867
8542
61722
32819
39630
41495
24323
17340
55468
66175
28704
64831
16918
19655
49005
30631
59347
34878
69918
65394
33729
21438
1363
14720
50031
13677
5134
24634
13717
66664
20366
67320
12710
15919
59708
39509
21772
28121
41130
13460
8146
10545
65374
52311
1471
17536
56716
60572
3359
46298
62135
54590
5201
17009
69555
40408
68489
69831
3521
35265
42992
5260
52138
43274
9410
46092
23203
49806
33155
19593
53543
40001
6915
35410
59943
53755
36375
6119
11392
10718
39430
22522
33096
15342
65612
23385
68088
6719
52435
52971
66632
49311
52121
4098
49671
49335
54656
23463
19340
43717
64020
14339
29574
23992
37320
15606
28864
15873
53645
21216
18228
19721
16188
17432
49502
17521
42614
64217
69157
54904
33056
47364
25164
59002
19001
15456
41562
55017
28055
47244
43249
23843
42196
40210
5625
35807
62243
5380
56427
22451
1626
26688
4621
29137
48973
68165
10824
8544
37953
50236
29323
7836
64876
22651
47754
63505
58351
20798
2985
13976
31573
38049
26003
26116
17851
12461
3327
52587
33121
38524
11583
66228
45692
60756
12271
51389
53264
32943
9347
33053
14800
3658
19863
4027
57533
29254
11443
20193
67757
60134
36965
6033
21283
4280
43524
36047
6820
40109
63560
64835
46734
10297
2796
44524
43041
26226
48882
907
25903
59289
12235
9271
34142
32190
21115
31679
45020
44497
13591
14586
38162
9770
27595
45673
40401
62055
62724
50619
30
11234
39077
37611
35135
27642
57578
5375
11990
46126
35966
15667
65168
8295
53927
5401
62401
59681
30615
67655
3587
55353
68588
39146
8133
49216
64633
39712
59849
2323
26712
42653
68545
41939
31764
31626
60299
43010
49478
13062
49491
28625
52162
11054
6539
40397
15536
1551
64765
55677
14997
36625
21630
55355
9747
6481
35402
19151
68852
24240
27578
41978
35156
19278
24528
25400
23301
28033
51800
52746
38613
3593
26565
22772
17454
54234
50571
64570
21826
32240
53186
54197
11905
43885
32266
13238
9009
8238
56030
48662
53180
63421
5582
56113
16949
6320
35385
4901
41343
16343
20511
33814
4994
35189
12135
30335
40104
5529
8380
49308
18301
5697
38188
49701
60898
1995
24171
29288
52050
50210
32024
2370
38735
18198
6913
18880
56259
19407
60679
53461
26550
40393
23287
63323
69637
32789
66767
62015
63308
17601
16379
19146
30167
18695
11068
32205
47796
43312
61774
33590
44308
28190
3105
24991
67405
7059
13724
30940
7424
20558
12674
48175
62696
12499
10996
15932
21647
47068
12088
37134
11574
43583
31801
69326
24721
38927
22855
54466
4343
49904
41205
24504
28391
60590
21236
18212
65201
53783
33870
9037
10652
24613
65727
54550
9797
788
61444
56475
3230
67279
9957
2684
35003
35868
1321
51258
59323
12210
68710
61923
24856
14317
16716
38039
13668
47781
40453
27973
33099
57301
63545
47317
58400
3469
57588
76
62448
28248
19885
60787
45171
26916
65709
49981
43324
56219
52264
20793
60400
9535
11646
6692
39865
26531
28169
47613
22871
17280
23762
56512
25289
17533
37224
13188
26108
17217
64797
42977
54287
32898
6472
27603
84
38926
54056
50838
42724
58881
22385
61061
58256
33442
54640
13658
60360
58497
5787
64366
15377
22226
19557
63340
20569
15550
44318
59522
33835
7243
45797
6201
28206
14084
15738
45491
32109
17944
69616
14554
45561
19935
5959
34650
43695
63730
54617
9221
60958
32413
20311
54925
65216
27985
6145
25413
58896
37769
60153
47601
53973
58467
39296
32951
23786
15050
58844
8936
4560
68114
24582
7198
50769
34263
6669
655
25205
560
59094
2458
69455
4272
25067
46531
1918
9719
8816
9065
69261
27326
27047
62051
7564
7814
28279
21463
32458
17485
39561
68859
32705
49917
65453
57547
10699
61500
68370
40676
46906
39250
21241
69205
55483
21600
23369
26439
337
24850
27162
56242
58875
66433
45470
68309
59014
66944
33771
58613
8379
52199
24036
66953
35261
7674
28611
25683
35232
60453
1588
18593
52964
34559
54694
18147
39527
67903
2000
27677
41687
55612
27261
55739
57040
43995
53847
50713
19511
29438
27988
10051
65857
42648
9604
24109
22511
14646
67364
50628
40953
30227
4008
10167
36717
33079
4200
10360
2296
30164
24497
26346
60239
38753
66085
29825
62783
14608
36698
12510
65492
11724
17703
23546
20956
39072
68671
44956
15796
16015
12006
33003
26939
48474
8955
9281
64704
52022
52428
15785
10367
57094
48920
16469
46356
55023
38601
38280
20373
10017
60793
60643
14604
26079
17576
41920
7251
42833
21073
58444
66306
55997
5926
31264
61036
8926
7150
63602
25742
39327
21511
44596
46424
26718
17414
6171
49259
18041
33757
43940
65039
8372
59470
65686
29670
2762
13811
48304
62555
3956
6448
17661
55890
66914
54188
33551
59740
29761
26650
5111
11052
57548
21274
13429
28580
4575
7377
52543
27359
66540
23444
45712
6211
52266
60668
18525
69973
47684
61006
50529
55988
17567
66857
44298
8961
49737
21926
61807
40004
68384
5038
24642
39064
27406
20463
41095
9132
33082
46112
11699
15282
29940
15312
61370
37685
48755
64991
63238
65058
69001
62349
24476
38054
19042
21676
40826
14739
55203
33011
64151
32956
12140
64275
15776
25935
32722
49153
9697
13703
22919
15064
41597
18896
38110
11584
54659
25822
9340
24916
21807
51183
64986
52413
21395
867
53116
33328
55239
65316
13823
22771
47399
50691
16026
50881
9829
6186
53227
19783
35106
54767
33213
24763
67350
66112
45103
47174
25958
44940
19473
58912
24599
49836
29478
32723
10494
47463
41317
43131
29550
48170
26361
17003
41654
39041
56586
47951
36749
41215
10579
1156
6751
57065
64567
9
14807
15284
68152
9418
28763
35627
3114
51067
56155
25006
48790
49826
69568
10845
6107
60713
59462
59671
63544
6619
68082
2208
38124
14380
18005
68169
64774
9889
40895
59747
36722
47063
51678
69258
8151
61408
10240
4362
22053
62375
45955
38473
38454
1826
28318
49441
9880
3991
27438
33419
36686
34981
39576
25899
44738
31695
63739
42951
9651
28365
63530
15320
54742
68055
31318
16781
36760
38738
1247
49772
35132
16486
12772
38737
33965
13702
22890
29111
55447
63269
44462
52195
30580
8533
4127
31775
6726
10082
58858
49325
46914
46679
4949
54058
42816
33750
42193
16978
8431
46944
48311
33562
8247
38623
26221
33146
64851
6381
12268
56185
18088
45411
21410
54324
57723
28070
3966
14361
3914
6248
27848
37509
42776
67614
10358
4915
7809
20660
13577
33668
51835
45957
33674
67979
12926
3454
5466
17505
4483
49703
50434
32550
31800
60155
19698
17654
33890
56624
65814
7612
40649
20983
42442
68674
3243
61684
13430
3268
46500
61743
19514
58835
532
5287
12296
69761
7855
59249
55930
23003
63823
37823
62041
30814
34695
58895
19228
69118
18959
67758
46242
63548
34627
16231
66377
47378
18693
39178
69487
14752
2066
30576
29275
65761
47404
42052
32699
14285
40003
42192
38709
12953
43893
35581
8507
52406
56356
61615
58761
61000
1051
35008
64429
42376
34589
61440
57015
29368
12058
61769
27414
59945
15226
37377
26959
20077
34569
43709
1436
49372
48898
19493
43239
17693
35916
52604
37054
48490
23897
19977
35617
25409
42585
31450
10120
4113
15763
43956
29626
54825
24776
24650
60223
38796
5183
1557
53629
57567
10832
64180
62430
41155
44817
16399
29355
17559
16080
82
9136
33256
5226
43599
3906
6388
1049
12822
60345
59615
41170
34075
6600
47285
3809
17948
12122
61818
20258
32341
68394
61037
6785
25789
7493
61598
6488
43298
33291
16589
32284
62029
28021
64223
41032
19919
50295
20263
40901
12411
11667
60977
2386
49409
26786
59392
56307
9812
57626
16994
58366
46961
8852
63372
58012
34689
30606
55230
31139
18052
50830
45192
41178
5152
59674
18284
47179
4763
5318
20323
42313
65712
69964
37609
48861
13152
33143
34050
50008
67956
53578
13240
32014
47635
28449
46708
61200
14797
34723
13541
31130
26149
16789
20819
53393
26687
44355
27852
16164
13667
776
61921
34316
61202
20504
36250
4908
58863
19879
63586
68808
20398
30292
65826
35994
40699
2770
4035
6
66114
41786
51946
52390
37710
26609
46784
17631
65598
68771
44433
37019
58403
62286
50574
59528
27505
22495
17619
21219
5650
35507
37398
64661
66535
19738
28693
36414
32365
8549
20313
7543
54803
89
11561
10623
30353
45005
61536
38248
9842
11213
21986
15246
11255
55943
67520
24937
2159
13959
11794
25659
66478
46579
56860
24802
32891
21341
65323
36051
62848
34106
7085
999
35695
58611
7397
23208
15170
585
58331
37158
10096
41675
23119
67603
45948
57167
64613
40370
23943
63385
32581
3070
1879
54612
38136
61886
48251
50397
10667
67824
64417
46632
24812
62948
63012
58240
56085
30993
10088
23911
14485
40526
63958
69032
8766
30553
12821
504
32648
8037
3830
39753
66720
14444
14275
39245
22731
62377
40044
5643
6909
2374
35489
23408
5856
65087
38145
44558
29938
66094
3227
47670
60832
16895
62123
34825
15849
43642
9837
41845
67661
12820
1428
25145
11491
15731
743
17184
48414
29757
39756
19668
42927
11616
66304
34304
54756
56023
16818
37155
27168
59141
18546
40979
62053
21555
22104
26749
51896
25439
25618
45305
11533
32323
67966
64062
50688
16134
5976
18090
37717
21746
65094
24443
5371
45028
17107
34991
66406
5767
29799
19670
54759
40648
18210
20433
13204
51642
6583
34757
48437
58507
68252
25063
22963
2423
49159
28295
55149
52565
35419
5262
60583
5536
39149
44563
28171
66601
10782
39724
19176
30549
44711
62728
58977
56202
34924
41108
56786
68778
8694
24073
53204
28062
57740
50264
58589
28342
48287
48214
2236
41674
62960
24993
21743
66464
50842
55751
11061
46689
28784
52444
2815
9344
18484
61726
17339
50753
65510
30605
41545
26562
60346
31973
37347
46137
20657
42451
56799
39058
8667
26745
18978
9000
65109
14508
59682
53981
67640
42062
34460
65519
5815
64043
68814
4674
8996
46098
9927
42572
3219
35477
29584
58459
59412
22273
10601
50357
43577
4353
38285
62858
40236
18080
58506
64025
31046
7641
1788
51935
1476
1589
37152
57332
7899
4028
46727
46969
49152
14775
25148
35878
65151
57272
53997
33736
4638
49585
22540
3860
39751
13801
62635
52512
11633
66279
46489
27294
41382
25143
2170
22693
39141
61412
11155
10904
37157
45758
56273
56843
65473
38335
20585
2843
65324
2731
54369
19714
11885
1224
66007
62732
40292
19393
44707
37296
39689
43537
19180
44215
27462
40101
62760
10569
37175
10499
55009
53055
31487
58127
20254
19157
21830
65078
17102
65036
2368
6852
52227
43216
60216
3384
2088
56943
44002
24752
330
14777
40604
24843
55806
15573
50177
33871
24521
57456
28201
46377
22795
21007
60514
15885
67472
11755
5351
51317
12333
8787
67133
16748
24415
24574
61317
69153
51277
25951
32590
27456
11822
513
51306
29143
3697
25977
16650
68650
27744
24379
62298
60102
5773
67413
3673
64612
6866
62490
26699
66623
11612
10214
63276
31279
45803
25979
335
11176
23279
39209
40731
9307
41520
66231
47470
14396
50489
29869
14022
67882
65704
56039
50467
25307
59032
1074
5802
5146
54802
67618
2378
43103
44005
15879
4263
8623
24067
51423
11513
45167
30324
53072
65762
29778
52639
17925
33877
66178
1273
20502
60048
30467
44942
41820
12933
53432
46261
49755
11429
68882
3507
61060
36845
37856
34103
50116
61122
27629
54339
21017
39828
43023
42511
52937
55658
35783
14306
45879
47929
57717
37035
65642
32796
32489
43161
65848
42237
58669
57819
21767
67617
66398
32325
45585
52864
35200
32558
68171
30652
64865
60390
2363
24225
30303
44680
51501
4616
23934
12702
66100
65060
37749
33957
25936
27042
26623
43106
10339
22926
41193
11069
53816
59839
21705
43836
50774
10315
65291
48415
28824
54079
16153
5810
30688
14043
56726
11094
66424
48837
22872
18944
60924
29561
17891
4528
65339
31306
46709
28398
43137
44729
40335
7869
54824
59300
55646
43775
28368
37651
31645
47568
57182
58803
65132
793
13537
15555
48323
63943
28738
39325
8234
27116
69860
61499
13745
7124
3724
4866
6723
45494
65783
45071
12927
33602
54336
51516
49557
37948
6824
27366
49072
68043
65833
20860
58281
26974
25944
67166
42136
52823
10317
56312
23813
30591
37971
3758
12250
42779
12238
15583
44248
1971
16705
56728
54086
49750
30766
13457
2171
23687
17244
39023
8134
23132
63868
39889
61094
16088
21927
461
893
45090
69972
39890
46045
2919
62432
66707
55572
36170
40957
27819
62144
3623
23812
46364
23184
6302
31580
61080
33649
52048
53667
7306
40460
22629
41672
2512
57545
51784
69740
23923
46971
37215
29443
26151
50114
26365
12762
69152
51802
52839
14244
25886
15516
41412
22644
2243
33463
43607
34262
39400
67
65954
33627
28042
29298
39693
41267
57086
22275
56170
45085
39932
28835
16706
6932
33887
18509
20991
50757
28032
27832
45279
68026
32732
21351
52938
68223
19585
63439
42765
24921
25735
38373
65594
65501
5988
17679
12642
14464
48209
57987
38064
60673
61945
57492
41735
623
46496
60231
67498
17922
14678
21988
32168
20469
66237
29632
67341
60887
67607
20439
54746
21727
65846
54714
35145
27079
69577
60349
4359
46033
3160
38085
45181
32974
8225
59670
33746
46685
53613
35317
45042
58637
15721
10803
45271
69297
22064
11481
64741
36337
67373
55475
21586
1039
8995
10626
66010
853
17736
922
40057
46556
38018
55556
13124
67951
56441
9912
2135
58353
61916
41946
42173
45147
20004
56751
5209
64091
45639
18699
47735
40778
50565
23053
22063
16633
42013
18389
63223
65275
16132
51236
49783
9906
8991
57593
1223
15814
39819
60288
55637
16527
33204
41208
67091
17979
10662
21987
24226
55880
29448
65511
31165
1105
11629
12131
68781
39177
52069
51491
51252
48798
56191
12355
8625
36349
62315
140
36397
25857
53301
8345
68482
58649
42862
25379
35839
7030
65431
46596
1161
12050
64512
22523
2989
68122
7237
4610
4068
46523
45437
9506
52717
9537
49384
41169
308
18358
26898
23285
35315
46171
54731
5242
226
39397
35081
67674
31205
6271
2718
63169
69245
29153
14816
22471
53188
28253
33239
17165
15443
38793
65816
61143
8921
45298
12142
63401
22034
42150
10874
22516
48807
25911
18283
64289
67023
57722
31427
41781
62169
3085
52005
42266
65421
4500
24954
21122
44721
12083
42584
62644
7425
48911
48242
23671
51266
37028
67559
53802
44877
26957
18534
31338
39262
69500
44366
30528
44269
48677
62886
28610
47022
65683
69844
4847
62815
55862
37291
1802
24731
68812
68517
19799
8125
22368
56879
66162
32278
52115
10084
34733
17011
57868
10632
1325
9269
50155
44556
3550
61988
49251
28985
52245
26214
10131
40419
68542
63789
22375
35104
31015
50366
46590
32622
52744
43211
1751
24317
35187
56960
5983
64342
17537
37338
51810
69488
69347
37866
36820
28775
46680
7259
66882
19188
52982
56452
47706
12040
15272
64717
58773
46255
53740
29122
30319
37488
67174
31396
5490
23719
15029
40824
58630
13037
69758
38879
31582
21467
64418
1960
56075
1562
23103
58078
5081
8065
4073
22738
8957
26490
20508
10705
3355
55593
30177
53569
19545
31909
20260
68308
15399
53807
4189
40782
28500
14104
1498
45262
6528
62945
38279
46572
17905
37116
27771
45105
15773
37090
53129
64213
6601
49853
33494
22597
54488
39650
56506
68581
62074
18315
65852
46341
9638
10329
43618
34051
52620
41336
38415
10555
55813
53964
48922
27942
66331
41789
38482
35770
59688
68620
69772
34423
39045
59551
56318
66416
51012
20497
50448
59137
54360
4629
21628
13562
51135
19976
7240
51851
41224
26949
12134
33002
43326
31456
44486
36821
26881
23231
6000
36243
63624
3045
29766
18943
66278
31233
2229
15902
13978
4741
6844
5393
47957
67137
4287
10462
10952
9375
51499
11567
41564
28722
45780
66978
14076
39734
69236
69484
21908
11369
47384
43045
23117
25922
56851
24263
51190
42799
68218
32870
11783
5836
42114
29610
28116
53270
22690
6173
43020
23343
60509
6760
48432
49642
25183
45295
48655
68178
64058
57220
21156
16611
33555
62707
67251
3042
54454
58328
1604
26294
18189
59204
34537
4341
17759
41353
38264
60524
26682
56022
18569
37076
68191
54834
19349
14523
69268
8586
20653
22542
28983
57902
60579
5998
26908
64255
18416
45845
22147
9499
11378
41127
40920
6889
68379
40066
21766
54373
16883
47651
46595
46075
3039
62470
7963
42836
38457
3018
61106
56951
42700
52212
34477
13633
19305
25524
18208
2029
4391
46100
49566
12194
24992
57430
44206
41466
23806
12785
29384
19469
44784
33723
26259
56659
28456
64280
62131
10562
67322
67599
37635
50898
16922
39075
3214
47226
40217
54431
43786
60117
37848
27620
63243
66129
38265
20731
14992
30455
3842
70
18610
64653
53670
26132
30561
58674
39316
65108
39811
63565
16255
61855
3292
18718
16244
15431
14271
55619
34946
34175
19587
42867
25343
41761
50026
67996
31562
10279
11676
7524
39736
31501
16659
51156
48237
26997
706
54446
64631
4209
21587
43191
30294
46965
46745
47790
56194
30808
10091
29300
46958
24150
5546
21795
26990
39148
18477
15294
42583
31953
49350
65235
62018
44938
47775
14810
42575
22032
64061
16337
4646
41042
9359
61381
16786
48593
64606
29510
2530
13754
8975
65633
38029
43806
21774
67943
37451
10877
38666
50502
39187
62348
24866
9480
58283
17923
23333
16076
49207
2552
58745
65239
10025
43573
24105
45785
19198
55626
50675
41729
60439
37988
39838
44773
35476
36220
35147
59795
44167
6605
26627
45591
24129
4304
56133
29699
42128
6873
20474
6718
49462
28481
41898
64784
8900
5467
19108
829
50317
33227
60629
10612
56906
19373
167
64597
50752
38815
49121
2
2166
44502
99
7238
21248
32373
41881
11899
4415
64201
32519
51505
33109
2585
20562
47358
29671
57949
6533
41110
59809
19233
43891
14562
37102
59334
54673
6141
35767
21101
7571
31733
37905
11357
35152
13915
3398
21482
60885
36024
19162
38857
10791
40177
17546
19829
17610
48988
38268
69777
45409
62934
1900
22026
2799
4791
59835
15087
39464
40017
47799
11354
48370
7342
10862
20695
7058
49009
67034
40864
66600
38200
60237
68598
23521
36769
35405
66334
33987
15649
15371
42637
51685
32992
56406
13176
42226
43782
65378
13861
56805
59506
14811
54124
40061
38082
47820
29356
2934
8044
30174
27741
22428
24418
49
42886
45921
32352
69519
22134
33605
4609
33777
14332
29466
13244
14038
36588
8976
14249
5593
50725
10461
51442
30924
19316
52473
67157
8113
43400
4875
44689
63071
814
19126
38622
58485
24243
38633
33399
65692
5656
65964
31874
59643
63273
16296
54022
36420
57387
24623
16177
35864
26097
40255
55057
65567
62859
42064
15233
59409
19796
11784
47431
12326
9109
16470
9374
20069
59220
16570
15523
68365
55446
42113
54468
4794
7298
30111
3365
67909
67610
69934
31732
4257
43382
34093
11045
48808
66392
15269
53571
3884
2615
24537
2735
68460
4822
25824
32152
57818
39138
59078
67589
8390
61016
23216
12636
34013
65621
39815
34527
7140
57809
46980
24773
47789
30135
2633
23683
51787
50211
55010
32476
16468
66550
37036
66527
62530
56873
1739
13129
10144
20368
16180
52377
64723
39743
51813
20424
54915
7355
54121
38915
61840
29874
14574
13705
43107
41167
13409
7005
13835
30824
67390
4650
36385
66923
62246
46599
67403
17365
14743
58123
60044
69055
37002
25014
21851
17013
38663
52650
46966
7873
29332
33241
31988
44785
28908
34553
31262
1444
17561
58083
12100
54725
30837
37433
30345
56368
40947
3702
66410
13535
58375
22267
8585
27331
452
47512
10158
28780
22538
9205
47996
51838
16523
68892
33061
25581
13791
36251
48706
8807
12480
30612
4910
47995
29794
59017
52067
10122
25513
18419
49707
27448
25009
59296
64733
63513
7681
51042
55558
38204
62675
4954
53281
22708
13156
44754
15777
4622
47008
48846
25416
69420
46164
20412
1898
55280
45708
42480
24378
66262
50672
2764
27860
17314
40
20779
3068
8821
34708
14705
67539
12312
62352
49500
40999
45695
42097
4468
26561
12262
62965
36274
53001
971
13420
45093
49132
39490
11838
56338
833
20752
46651
62451
67950
22330
19301
67654
29481
13474
22558
50719
11761
32624
6809
5793
26946
45567
45884
11764
57027
43231
19893
20339
21878
58054
42606
25424
18557
52290
45632
29078
344
55860
12829
3196
55548
45544
7180
45831
3142
50247
10062
57835
23381
69731
18909
34373
47764
30412
1328
1154
16245
59782
57135
21844
65116
68349
67446
25682
56172
60702
31555
35908
52745
3284
48612
17458
4542
38432
64186
38899
1867
38037
47424
719
41023
36035
52172
58683
66286
46974
610
36593
66792
69033
24357
21717
27018
6022
32019
26804
65773
28739
50231
38500
61803
59329
16289
46518
12299
9627
30045
54598
29274
36979
51090
68406
65769
27308
12624
32742
37633
44161
45258
18568
23195
14662
36912
12047
62292
39852
6595
42943
53770
6461
18195
19951
37843
12925
67277
45260
43937
48456
5501
69276
29257
27574
5229
54568
5527
4255
55729
55105
44469
11024
4019
6065
79
21659
1138
11757
35701
61363
42673
35276
48231
11477
43305
20457
55342
56796
16749
35621
45021
7214
25617
10873
11849
27907
40315
6676
49089
60165
68676
47255
2463
51832
34870
42864
11818
65173
51097
42227
49561
6055
25096
25412
35920
52981
15129
28688
62457
20829
48121
40240
30489
62814
8891
19299
47368
52578
12452
36383
48405
8059
69124
24431
60802
42911
65555
21094
6280
56283
48806
62145
51925
48894
13346
13694
20081
49916
61134
55234
14036
62303
69929
68894
20058
45812
30089
11708
56738
52808
20543
38199
14763
24404
21741
12798
15268
40041
31080
56158
32598
59123
37626
690
63055
7169
14394
61413
18309
66308
10576
6529
27002
60084
10324
63833
64175
45196
5875
55514
56526
10089
47161
21524
26211
14572
23341
58130
68241
40252
42751
26675
46627
45588
40298
60025
22533
40651
27830
14102
15278
28097
40679
22028
49294
68075
60659
10866
36236
55479
56628
10225
50640
50664
36537
61227
67649
62521
51270
49141
13971
44081
65544
31070
30643
66946
10037
68622
37080
28262
35498
63265
19824
39386
24147
61364
56623
30920
66018
56687
33948
64181
24454
39393
39118
54955
63146
17167
58218
6420
61406
34001
58257
23407
47733
27645
28814
53880
41805
42857
2900
22759
42493
69429
54347
17708
19003
68428
16409
58418
37150
25240
20681
40981
45846
34100
69767
34655
54736
62386
46404
45347
41858
46661
68502
41507
1774
46048
61307
37101
21345
15128
7
69903
9824
45973
43523
22812
48230
44092
9264
61129
63662
28714
35307
40869
27535
9618
18523
13726
28506
8662
57781
9490
64346
20079
11989
47921
59894
15469
13907
37240
39284
54556
26169
60381
61979
12310
25377
23613
69486
61118
62852
65245
44634
65230
66613
19589
59237
55931
51520
65075
14885
42071
23985
60686
47467
13393
14573
32125
36855
17803
69957
43223
63140
27098
44667
66614
57134
58880
34686
61903
61356
8412
57916
35903
17025
61910
58216
35698
59662
60178
61074
12465
9310
40475
51772
28888
48554
16547
66925
60408
35743
26924
45282
40851
21542
57176
35818
37180
34843
46841
53218
63413
41519
49667
65193
64491
44804
69633
1627
61357
4406
17300
20054
60834
42410
25611
62500
65754
41203
51397
33440
60788
60542
16456
57737
52546
43050
11673
52178
55296
30955
19404
5334
42066
26342
19847
31304
31449
8848
49299
36958
13975
59778
32795
54425
46663
2276
56349
58103
5545
57519
52836
4715
64125
1962
15907
61159
50292
275
30364
42286
12983
23074
51700
54407
30653
38636
19718
22745
44445
54239
52131
10557
7098
16176
47053
35350
36119
25768
53724
35474
55179
21252
21455
6050
22707
14325
68213
19615
62544
3320
52653
31231
51357
2629
67153
34982
9914
10770
27182
58610
47962
64933
53370
20825
32969
31725
46977
67634
47964
20704
61920
10852
7025
67296
51052
18640
1229
50625
17889
51836
39230
24884
58150
6006
57709
54660
2592
66856
24246
33320
8188
62632
60663
1237
27150
54221
14921
65083
66195
1294
43552
28472
5661
1184
45744
65991
49918
21401
19389
32000
37574
8433
67722
35033
38955
5150
32958
33908
6788
47514
9072
64230
67041
43589
14429
47140
26403
52742
24892
55666
22282
15317
18683
27187
33385
2126
37744
15722
39649
59161
22675
64816
1875
48685
52548
65871
15001
16440
2464
29997
44881
21910
4434
63723
33348
61540
20120
12514
6258
44495
1460
20932
2234
38412
34012
39040
47726
43187
59961
14659
8466
9989
55452
35815
67848
2624
32312
41030
57685
50097
24498
67830
7389
34189
43374
2396
36553
5554
34719
32175
62384
37664
39536
29159
49123
40584
9293
50839
22618
11462
18504
17827
11014
4682
48333
10161
8121
2868
47637
19936
38362
41959
57689
19465
44599
68015
60480
20326
57570
56584
21175
64799
14388
37833
16737
27443
37987
16508
9146
56076
31332
15831
63877
66230
38126
59817
48136
19054
43701
39806
40670
61213
67577
29225
10487
62245
8053
68209
24391
55099
69376
65500
53482
17853
53811
2879
1568
29286
8802
47656
23556
18335
59080
33458
5917
56625
49690
43152
35161
57443
53341
42258
23672
5167
43742
48605
39498
2600
68034
14358
17908
21407
731
63791
65248
13324
8340
57979
63163
30633
65556
2830
3734
38607
56132
42883
55804
25679
45540
4101
40888
26520
34368
61849
16827
64884
29701
59971
63352
14115
51683
16287
6908
45121
43122
891
18958
42486
14956
26874
65489
46326
14184
650
22649
1299
26478
27144
4911
35539
64433
11743
46775
12696
13050
4156
21712
49127
27879
16622
1839
27430
47536
11875
31005
17850
1999
14843
43660
61462
63690
29128
63171
19166
435
4987
39633
29217
55894
23304
64349
37851
68770
19082
60215
60850
25324
29454
2721
25003
34270
51585
28093
14007
30921
9897
10406
57088
35678
32797
62022
25755
60006
66794
2920
49513
33231
4737
32331
16027
48436
52531
23537
18792
27038
12147
10150
36852
7162
63802
57489
15861
27676
64292
5757
68106
27492
53881
18984
46260
16127
58738
15681
65968
52843
59256
24079
66453
34397
23058
11558
26260
44178
65349
41730
24286
15752
3498
39091
62059
42755
2896
6582
36048
29896
65880
18612
63796
51572
2420
34049
26529
59422
39938
53334
3096
10026
50608
5009
3334
35241
40085
24216
65467
51237
66434
21523
30279
62855
56720
12036
45304
106
63103
28974
19318
57054
59042
56088
19457
12063
68751
56115
25336
4571
29234
25642
47293
41923
61645
33152
69235
60692
25372
48764
30848
21622
27218
15002
57520
2416
10011
61358
39858
11867
16988
57712
32047
11712
67931
36816
57360
43934
28239
32826
18408
24217
66205
11187
64664
41986
4552
30533
17498
60363
50382
58553
53793
42703
23028
15588
38526
31938
31807
32824
36492
11543
42268
17947
2169
17075
68221
50200
13054
14895
26384
4385
26474
17641
18254
50826
57255
52214
4651
62716
66072
2777
657
13187
39658
20605
77
7239
47901
41450
56831
53935
29129
13819
57554
43933
53849
66536
29259
63532
44068
24950
60768
25000
29455
44354
2037
39121
34047
4435
32707
55945
22860
51480
30712
42607
5847
32721
19987
29246
51490
40481
69407
44991
28252
27319
26704
21405
41437
45876
44051
11300
54946
18156
8222
52636
6837
30023
32427
61266
24909
20679
10746
19736
30490
48443
17647
34221
34469
32780
39573
28638
3144
29936
2734
46927
47530
29400
15570
55547
51893
18607
48186
10288
10310
63459
49061
14432
31410
9986
23193
19949
10141
32389
27986
12936
6748
26125
26803
114
35550
22833
68876
38028
41990
67010
68535
62954
39949
39740
31401
34095
46584
68725
67185
48667
50197
40137
19286
43008
61187
993
37144
27514
4760
64950
8476
19889
14031
62837
35503
12143
3732
46677
20743
47630
2054
68955
29487
3649
53091
59227
38883
32149
25047
46928
54548
6487
67849
63518
17282
53003
17914
30964
57605
1770
5388
52523
37458
43483
62538
17617
6519
27651
67791
31273
28710
31788
8576
68473
46378
68469
58699
54371
64464
34545
9760
46230
41248
21711
25017
14083
69385
17063
8631
15718
64200
47455
66459
63359
1946
46636
15793
26312
19090
69710
51019
66542
68838
64530
29529
55292
23764
62679
4597
11776
14368
164
45516
43350
41576
13205
32437
1218
3462
20401
9593
55106
28630
6231
63077
31881
127
35723
11582
19256
11317
51855
48120
44459
13267
24556
8838
44946
425
31923
34485
29133
63995
67764
38532
1926
46509
45536
7081
36815
37923
21938
66169
64398
66628
29727
41747
52024
1719
60281
11488
12314
30818
66555
67872
12202
24288
30853
61801
45668
24137
4315
68350
11586
50446
61535
50101
11829
28727
46858
56545
45841
32493
48368
50004
46095
54820
27577
52724
56877
10346
32580
66933
54529
69214
59846
51680
17120
54542
40966
24417
9860
60240
56534
2184
68052
19632
41681
54099
68954
50394
7794
48569
53223
35914
18806
33345
21289
49681
30807
24684
5995
66073
37910
30213
57370
57584
64515
46903
60611
16216
61579
10252
53462
142
58525
15461
12154
29114
26757
39071
20044
9655
52108
34069
38063
8739
36854
64677
38409
6422
66525
883
66582
15202
21232
31189
52727
54929
35651
43649
61958
16345
63310
69441
37597
12123
59739
51420
52517
50039
64905
65867
65687
15531
41913
14426
7861
4424
52407
57338
12003
16940
12166
30454
51984
5250
62096
52471
27859
43318
36627
26731
44079
5255
19644
22885
16680
68311
41417
56737
30301
54395
27753
56568
8962
5718
66083
39676
59821
63152
52386
9534
37354
35454
54771
61516
58225
60667
45933
20607
61457
52412
38234
55557
6021
53294
69571
60198
51282
36041
53902
61448
57081
48560
5897
38304
10514
48300
9225
1112
16711
59428
58356
23307
15925
35833
56451
37914
44965
2849
28501
61371
9248
62577
23358
4414
66090
54352
25598
25674
62567
7223
32844
19470
54415
39976
48359
47510
22374
59770
22455
46838
19039
22942
54005
62535
63239
49117
8756
45272
15682
21025
16089
53725
39333
54973
11841
4183
51026
15825
21431
27525
21360
46551
56341
8909
19237
49465
38386
54739
29688
67737
3792
64108
69899
8152
65915
61973
25904
9553
62454
18033
15703
20888
69472
28261
33966
54092
40909
20754
13896
56768
40951
46204
21577
39471
52453
42727
15991
66302
22461
63255
8707
49876
21153
49873
29181
40722
57087
46135
34685
28155
35305
58697
25732
9257
58251
37708
16394
62584
39746
6180
3051
59745
46926
63891
68256
6384
67056
34084
16535
10418
26951
57952
50788
49459
61977
17482
7816
53524
28102
28971
20384
57982
42423
48833
9435
48799
20184
50733
50981
20187
60087
29010
69592
36997
50437
34781
11161
12227
10010
38202
5
8870
21694
4824
23143
28442
35612
3074
7062
21394
48226
25891
67870
47060
36114
64114
3504
3251
42366
54637
63473
51568
34117
8141
3721
56531
2273
67112
54459
45153
43823
45559
4885
57836
42176
24625
54430
25613
18174
31689
68131
22121
10319
63326
1433
23602
32022
68360
33584
34317
26521
15624
18734
22296
55160
17924
21598
1252
64838
53885
50665
15574
10163
53423
19787
31305
36655
7890
11220
56011
35505
60752
58499
39512
43858
3868
17256
23148
12676
7879
45480
22459
15990
51297
50740
13269
56997
23569
36527
23397
34464
14144
67055
45949
54334
47057
57950
53411
27923
11262
30707
39569
15983
69333
64659
5868
57145
4367
2020
39849
33062
59333
46720
39904
36586
47162
28891
10154
23734
16534
15035
59582
32497
59361
38267
9450
17006
61583
26830
38645
48518
62428
65821
61297
69546
58567
21981
20320
68476
15912
52765
61664
69800
7100
10709
38620
43989
66509
56218
36275
52730
33433
25152
55457
15969
53819
7340
31137
33443
20714
50007
53173
34363
62816
56996
61981
37196
6923
30784
39995
43722
67621
62111
44281
10072
53821
43502
6411
67383
20342
63451
24964
64810
62267
69651
38917
4558
16621
62786
40497
9430
20325
53859
27976
14692
3475
28353
3192
21882
34754
2634
19045
14291
65284
45232
3159
40711
46365
51676
8752
9688
39738
19960
17453
52788
62253
54692
65165
2389
13651
37308
55939
61833
28118
18443
3520
30143
46778
38341
19941
29513
58872
11129
8737
20608
26051
69660
13711
25965
28348
42510
3619
28589
17771
61744
67501
17903
11944
48248
37471
26681
24355
59127
35323
19757
27613
15728
59646
1543
58049
20842
19980
56503
14556
23570
37108
37111
51038
17890
44065
10631
35713
41430
18530
57404
26848
48638
48213
35687
16767
5954
16159
55505
63765
53505
64120
31308
33717
56719
35225
59168
19881
56069
62620
14113
15054
51863
46753
16753
14590
21417
4086
37281
6738
41685
65585
19105
26288
28162
50496
9687
37872
1203
21887
48210
45284
57854
32734
17852
57634
63197
4972
3217
50493
34381
63583
52861
46696
45104
6589
10730
50323
27977
163
53577
62643
64735
21780
18098
17135
36808
26995
66033
47888
42743
11526
14270
50319
43644
46952
62511
54314
49912
47153
57151
54754
11773
4868
6753
29857
1662
65706
61069
20274
61121
58689
29072
61145
69894
68494
9591
64545
60320
11680
21448
32771
15851
49928
10152
58665
695
68300
51852
8689
47000
55501
23179
14006
15855
15898
29961
27158
66480
62355
53951
23921
54671
30678
57474
53007
37612
9607
9087
31500
24670
16744
16845
21759
55919
69819
31106
35680
25068
23776
46094
66658
29097
68027
62247
29146
22664
25555
59181
50741
14948
58341
3686
6609
19706
8755
61896
55059
59155
67761
43729
23138
35513
53794
9893
20535
47355
58701
55348
66070
45790
14918
31223
55426
28671
25909
35984
3241
46037
32618
26780
13235
55325
45280
63367
48934
56315
49871
24095
33845
35277
61827
10230
37075
58612
27238
48620
12307
7458
57601
35528
15558
5702
43236
18391
57985
21469
58950
11031
60148
26965
26352
49366
47361
3582
31019
36382
9405
67275
41263
55270
44046
52914
51903
12604
57147
65141
32809
67973
10132
4083
40834
957
43734
44969
18320
10715
22166
52754
20995
41546
1398
4023
40574
5872
6194
58428
38405
29689
40098
65884
24348
61285
5215
43830
19218
68167
40201
62714
50094
67877
53019
34916
10266
9181
17031
65093
9501
4531
1400
50230
29805
16519
22561
34033
17104
52489
40796
27846
69151
53839
9043
64572
14094
11486
52815
61502
47348
59538
55630
18814
18075
54249
64963
39479
23825
22552
22095
43307
7535
1871
68196
8881
2264
7378
31325
10232
17832
66227
36786
8455
4649
1981
16487
62237
24299
48804
64271
44887
56048
1517
41307
21028
39636
18051
11218
66288
35554
3538
22978
66053
34099
1158
47194
6340
64956
25628
40058
37274
42892
29976
57802
67278
71
37414
17192
23998
50165
40887
11484
1919
57874
48109
8669
27893
65104
46023
42327
35210
29174
6686
40238
21753
17220
9831
39018
46300
66375
24820
47540
24636
6550
58569
38887
65603
48066
17002
27878
8095
57581
68679
23501
51972
37172
5626
67257
12639
28414
46391
68607
8330
1953
55175
15781
3789
13575
18583
35158
18234
66594
31599
27292
7732
1888
62324
31601
25066
34775
68890
41532
21425
31117
42425
53224
3369
12517
11386
8464
54995
67977
16285
38921
4214
5711
8874
65546
19143
62527
17023
11297
20775
28436
52090
68242
45097
7130
15420
7047
10851
10828
30917
68603
1914
8540
49119
27913
50195
34796
43372
37316
29319
49151
557
3817
51754
14941
8137
3771
11821
40048
68884
18385
67064
17180
44307
19121
9063
63763
66271
64980
20163
20220
31802
18821
52992
51017
66929
32408
67391
15904
67843
11347
18282
8565
25989
51879
66116
31595
35335
68772
53115
29981
12967
38139
63886
21032
7438
28783
53952
45149
51428
43816
25358
42990
31002
52007
64457
53643
3743
3474
15013
29596
47994
41784
65191
8997
9800
19964
33712
25244
13493
31856
34606
34040
14356
14496
10585
25263
8595
60445
48723
14801
60199
66795
6603
115
44057
1222
44688
26840
49695
52370
29969
21872
20203
35931
62885
57508
25223
60636
60332
65001
68327
53736
40995
4988
66267
39466
8612
49068
60057
7981
16286
45460
25533
69542
43954
34601
51149
41247
18007
49638
55978
31342
10551
68295
3
66260
37517
54072
55226
54765
19573
44457
23626
20111
45133
34461
67582
41009
7318
33001
12869
69475
68881
44182
65256
3208
56550
3937
1889
69381
47579
26513
37159
50416
4000
63366
28521
2561
66059
43336
766
19956
49163
22883
7935
10350
57118
26137
55244
68965
11847
63955
43677
47641
66099
3234
49200
55755
32937
21173
58395
57068
68069
22788
66024
4186
69286
2280
3385
24353
61168
52243
21462
2628
57392
22221
15059
36423
23674
38475
37720
33790
9722
11059
20411
27529
7222
57756
68477
24516
2779
51847
51132
6025
42533
28541
42783
23955
68266
18423
43381
35836
67193
67814
41195
33267
2705
9810
9757
34034
21377
12427
68024
26377
11603
3515
37189
21083
773
26112
57676
33999
21737
31481
52553
42060
10925
30208
56106
24289
57280
20227
15572
42068
48500
3862
55835
49230
20010
59765
10749
53808
9934
29762
31847
58136
16014
67627
27704
36829
173
55062
24864
5782
23822
11539
25523
33946
25878
23163
33411
18447
66253
42161
47192
13881
6608
56761
25660
18813
15534
18267
3061
23327
1632
12013
37938
16464
58044
25853
18291
36872
11718
47612
3679
32254
7790
19710
18584
52841
57696
50615
2656
24354
33076
31315
40658
429
26348
41312
30176
35840
50728
59925
17285
33449
43195
34066
20057
59417
31605
1495
55373
119
18244
22677
33064
32863
44929
52470
58852
39185
45961
61548
9510
56700
48555
57903
35842
25199
55868
12455
44857
20854
11149
63305
65942
44893
361
24074
55388
19447
61862
61788
59593
3823
32450
18681
32776
28137
13940
64815
25045
30673
31404
7546
48069
54945
68758
31590
53901
588
58870
18579
38713
20466
64244
30432
16161
41149
46099
22645
46360
8196
50686
61523
59752
29009
57629
55825
2738
57060
69471
3165
120
43704
56453
511
60728
69137
16908
50490
36504
64372
36891
59862
19184
25070
58053
38466
45459
39899
42592
9921
42070
60681
28751
3898
14219
34692
23936
10834
26667
17155
27255
21950
29099
40253
52267
32656
9541
22761
65639
35487
18359
6654
62751
40402
60500
35110
36772
12593
6670
37947
54213
47362
11698
1652
45848
53908
294
15406
65156
26829
19984
31761
58402
28825
50235
55269
38314
2197
18920
30866
53315
29669
57110
8721
51829
61897
55476
50776
48502
54045
17507
42306
51049
8219
58541
34073
4049
67456
55092
37393
36663
66147
60303
50949
5063
61844
42355
64581
17323
61320
13518
56824
39907
46223
12652
38391
53389
16151
65407
16623
30835
34847
39080
37726
37661
10193
51548
27253
18671
67842
49815
21348
60821
23245
41514
57543
2973
64473
11458
21214
24198
47349
42808
40140
51387
26030
55617
45050
51483
7361
28018
11910
38909
49252
9020
14057
40350
13418
12335
68754
54752
65379
29239
35359
38131
42702
6744
14708
11737
19464
18800
42323
42084
8052
10005
24872
40780
19892
54487
65508
50098
22726
8950
41253
69020
23123
56809
29708
51665
51756
64197
51143
51820
61384
62915
54165
9079
48657
63410
67452
29847
6945
12580
17392
23706
24507
68100
61432
59721
49126
68101
44255
24685
68464
27039
36780
13829
2925
12680
20205
2620
56507
43710
41719
28488
22828
46920
33242
64179
16268
37183
58628
28153
26285
24331
9437
61710
26044
25985
45518
36377
13227
41240
26613
31550
27111
36457
66758
15034
61856
65308
30421
21998
40442
67845
11205
48302
27625
487
56961
41293
5434
44849
8122
56403
21009
22247
47697
56099
11268
54497
65413
69993
50253
59483
28701
50840
53353
61071
16293
45763
211
13646
57275
34248
34114
33752
24414
54567
49677
40733
2494
36115
22835
45778
1887
13733
11566
634
23398
4545
9613
31765
26048
15250
3867
60801
1663
30541
43945
12753
59174
2419
69044
68797
27568
15019
10713
34291
44815
49634
19010
16847
58392
28843
68042
52855
19778
23968
55720
20509
29486
56649
49437
59405
59880
42271
40707
65524
13397
46454
69241
6561
29103
41386
19167
12060
57074
233
49484
44016
16544
25126
51827
51824
9533
1747
20583
34530
68755
54563
23846
60115
38787
19947
65608
29433
45062
57725
32499
31972
24451
51401
51650
16512
1810
14628
57612
47333
18981
27810
59808
62114
60184
33961
16149
66035
69599
11790
31762
52632
41594
2023
652
37906
65396
46855
49596
8147
9349
46953
7652
68626
50149
38171
12939
60446
68413
32067
57778
62972
19512
2953
45114
50176
64146
2338
46091
65397
69107
34184
10015
48671
33501
9042
31192
9616
2725
17815
67803
46658
63729
7659
38061
64134
19538
2983
45838
9345
52851
34138
12633
39631
19636
32784
37946
39126
40991
4684
54100
7138
45524
22582
48717
62932
5080
29489
27407
1266
39344
1825
40268
36973
37518
67514
56699
64962
26706
55824
14143
33369
61377
13137
65669
30945
25804
11756
16238
20741
4836
16109
5913
2018
34292
9452
37573
6796
8255
14374
8963
33491
42752
51560
46863
42053
63101
11933
54679
36935
62019
37250
56804
63086
67759
4134
2966
39903
44852
8575
16348
20024
48047
67505
63643
44746
9682
23959
5283
34454
66000
48931
63720
37088
56616
7033
63577
52317
56676
1290
62360
51908
8067
7279
30720
6336
51552
4356
44810
51892
66734
59478
46637
50369
20113
37066
65448
47425
41962
13918
7782
23755
19547
37299
28079
14931
8491
29523
37112
15713
66418
43603
14121
981
53720
27382
17382
47871
1912
22937
54115
52504
15396
26308
1029
49062
42284
43735
32838
66374
19517
68297
35275
21433
62227
52031
8617
33526
49551
59274
60077
4989
5813
26472
18887
22335
6454
51128
31074
59578
38325
47020
34502
63757
14677
31507
64207
50538
39782
42438
29039
54338
49747
65649
48139
59933
44619
10435
45596
16658
54272
12505
14970
3019
55703
60569
44968
12098
56591
53573
14020
49474
55569
69160
55189
60374
38749
3741
20440
67555
56070
25378
34542
52256
66765
27708
46495
360
59789
3299
8349
8722
44325
43882
29024
14859
50252
32845
68391
52467
67348
40203
903
47075
64086
11628
66960
39309
14767
59607
19472
22109
68976
67516
34389
42467
66635
19271
54509
27914
38367
60747
67565
18684
41899
28387
38307
27317
19392
62225
26192
64177
63210
30523
42986
12872
58060
53031
47498
4243
44126
18991
1695
2258
45322
1535
49809
42845
16796
25595
42536
53581
18502
29401
5614
43425
69824
9971
67106
48514
11296
62685
21835
63004
54968
39763
45506
63013
55812
53463
58412
11746
2794
32163
14937
49380
58618
34132
15909
31796
48693
65161
57905
61048
30821
31263
64942
43424
38609
57251
23649
42260
18356
58295
44484
52033
34443
38288
33571
33806
31694
44193
17267
51006
6656
61111
52759
21324
44090
33911
18717
20954
50042
29241
15193
16376
50133
40652
69562
41952
20602
16838
1141
38130
36214
52169
7254
64558
43690
67224
50164
12171
34699
41425
2333
29925
33672
34897
59167
9696
22497
23484
30366
31328
9628
34977
4229
41940
13960
4449
59600
11854
66466
1425
63768
20822
49572
46296
41381
16644
21179
33617
17523
8264
2580
22424
43360
35881
62215
61360
53419
46550
5914
41257
65729
22575
31907
59281
52361
28562
64625
30635
33425
52197
11941
28555
21732
301
25767
67218
34902
30100
33144
50822
40523
14774
68828
6273
18608
65986
55197
13033
32063
57353
34874
22118
16823
35673
54313
69361
52369
37419
23989
16202
12119
38707
45144
13069
67223
36652
13536
45623
60946
38033
49845
37286
28833
37142
1533
31655
56233
60972
39830
2597
59547
28848
59886
46243
29954
15307
66087
33174
9306
36022
24654
3187
54135
50172
48513
60376
7109
65320
55115
13283
27433
54504
66902
39493
60829
41795
259
28621
38241
27971
10984
52398
42830
37524
17188
25201
15205
18998
40382
65033
20990
42390
54919
51842
9412
31779
16923
55209
64477
49932
46229
10863
61873
69622
30411
32378
57764
30125
24536
32976
22489
64669
16916
48668
27789
22535
46892
34476
6276
33102
11362
47340
25836
56035
30230
18703
3302
9579
35912
42887
29697
65890
46702
49996
13276
41615
67006
3340
64451
3080
10497
52772
18236
67774
53979
24245
20130
1254
57442
53760
20413
35442
49785
49979
19754
36554
12831
12401
2713
42837
69314
40832
46206
28609
47737
7895
67825
58057
69365
40378
40254
47774
34801
63590
39592
36883
28127
21651
51705
11181
20216
65114
41746
36879
68162
18488
50154
18366
6329
50935
16987
19312
9636
35019
16322
38113
41302
66829
5584
14552
24334
29404
38406
55474
30153
35205
12877
54
43949
2485
24176
42395
61220
16890
38328
62581
13224
21140
33716
41175
898
17724
59318
58297
55954
14175
10227
34925
40248
14051
33363
18129
18798
4974
2210
60060
23973
40452
22096
12415
62532
16839
21620
5163
53360
24888
66528
49044
11988
5508
55172
10647
2577
51208
29705
51613
43744
64928
24735
24697
16962
68220
10916
57111
15870
47433
29152
15497
41104
39425
57197
21876
67985
6733
55794
39067
44768
591
42701
67184
58424
36833
52402
29904
31735
51720
12012
54690
18375
13800
44220
54860
8140
14564
6902
27243
59332
30957
18221
5155
62968
25701
23963
46682
37045
20840
905
13350
42622
35044
15192
66529
69101
66683
22152
17039
889
27530
61852
53005
27978
24795
39117
22679
11368
1414
34879
57494
11730
22831
7839
23335
27750
60559
55338
31553
53390
42117
1521
22242
19794
64662
47800
17241
42780
51361
8805
27464
59394
16951
34512
44983
46450
34410
36668
53597
12357
9305
69047
7447
23168
51418
47383
6450
18245
43898
67329
63319
14657
40902
38677
38604
59389
20221
68286
54474
16913
46576
12540
48891
36604
45495
17487
7825
48703
48453
64138
38625
46398
68959
33046
41684
60985
67666
55044
22798
4625
68139
58602
16436
2971
47189
48074
67120
11373
19643
23157
14456
16878
14503
7107
10246
4707
44610
59541
51404
20202
46867
61034
63332
20907
11029
51315
7617
98
19100
49961
31718
12722
36049
7195
34312
7577
32088
57641
39768
6679
62902
963
6648
58887
39299
13555
58267
56898
15818
32503
20867
49004
11559
45505
19172
19357
38496
15601
2200
58205
17078
45745
52822
8316
23464
32857
34905
17090
29541
43491
43496
62947
4937
60009
11197
19657
12974
56772
26060
67595
22347
57966
49580
28106
21673
39710
30735
36037
39777
30349
6304
46018
8956
56982
38052
55899
61636
40126
56458
53549
11353
44990
25274
53606
12482
28211
17310
30470
48977
11950
50259
67462
39363
37526
35771
66607
58585
554
2856
63933
15025
63046
65834
42923
52594
69696
8011
53617
38320
64583
22765
50847
68555
466
42003
15298
41977
20349
31413
18424
52994
45940
30844
39369
27718
67162
31356
11647
36596
60923
57623
60486
26227
39419
15886
55037
57919
16173
50294
6894
9148
21764
67103
65051
59461
4927
51985
55411
26596
25296
20946
48786
48675
42915
31823
26123
22369
3761
20215
63492
50515
20838
22359
2967
13307
51116
37607
52179
12790
22612
63929
20665
13709
12748
40513
2861
5640
32262
50710
50596
61284
20931
45529
11316
27426
40070
65344
2978
30181
53456
66609
50480
62120
17052
41732
40948
48525
19917
30628
64037
49133
59658
34257
7302
45887
17616
31349
36265
60147
28218
55838
12118
65027
62353
67823
20528
65285
32219
738
59507
18571
195
23799
36736
864
47055
27395
67578
43842
63354
58431
23010
21493
9320
25231
60714
57178
34543
10289
39010
35988
50271
63468
16346
36080
21800
35052
40932
13872
11308
13729
11215
42562
3622
35396
55354
61936
7268
59854
46675
66354
37089
50877
6075
61564
37490
17613
34330
12908
8952
64253
12198
41991
9811
65897
63864
53943
26779
53457
34877
12200
44352
43142
43229
26504
38260
3945
15290
25792
32223
50917
12988
25812
45515
14369
54532
4007
50968
64339
6433
55287
68388
25549
31660
17283
42914
35700
36229
4620
44786
35854
12547
35010
19618
64078
66627
40241
53298
52229
69603
20427
49978
16449
14255
61467
25631
46282
68714
69517
1890
36990
51584
14612
28991
62199
34901
1948
22915
54179
38356
9084
4573
47676
20802
57345
53743
16411
57595
40225
27759
27309
253
51534
11464
26324
37973
22551
62200
69030
5425
14298
46410
7387
39452
53586
56570
48788
41459
30170
37083
33327
5796
26476
30369
16282
58419
9987
4136
59
34268
12527
34483
36961
1715
57072
65861
38966
39158
13504
46497
24010
46208
4082
51260
30194
32295
29970
53763
13786
64935
53733
44200
64890
39726
17343
22403
9336
26024
42865
45391
43486
42077
43667
13737
61232
5778
21931
20579
55310
49164
9455
67227
52381
26991
7060
34255
6808
17357
11780
68145
31941
6988
64747
10043
40555
34382
10428
33997
24496
11365
24902
18678
5805
5866
54675
56367
49155
44048
19225
24667
17517
13832
8174
2434
11306
61272
69962
13354
50487
5290
4914
34778
58599
35729
33211
61861
1285
68931
2702
10237
22779
58519
57490
28673
58432
52141
31749
53110
22808
16703
67626
57735
28254
67836
15424
60353
21429
19405
29965
62422
29237
63099
20873
4514
57265
16814
63242
28
66585
62242
62839
10139
13945
34210
62939
59233
52152
47369
41077
55150
66296
69169
32235
41488
53388
13523
51512
2352
13233
45920
17202
64995
42061
1084
52915
11413
62261
22762
23689
779
10994
56417
68647
48290
43862
22922
18472
2680
19616
58571
10505
58842
42600
19621
34715
68951
36996
24786
736
6804
53612
56675
47487
3145
28986
61507
63710
8056
39222
8898
65965
22493
6531
43594
187
66728
38644
19381
6567
1445
15931
26242
49421
52106
20531
47766
49631
27681
29491
31195
7479
1538
17652
64305
41297
53386
20815
11963
66130
33578
36125
42358
32980
20928
17306
60996
3287
23945
12182
37523
57963
30409
19210
48530
69774
10030
8028
5698
40619
38334
61476
2807
62883
28179
24459
34122
42010
18915
11884
16057
38643
21412
61127
13004
39585
37181
10678
37636
30233
67515
43714
1951
14653
19273
3345
60591
476
4330
53851
10728
49765
24904
51079
36641
30152
58797
23052
63119
46810
56235
27897
40809
61994
52015
7010
6044
1709
55789
14412
33900
54276
49985
11597
15726
60054
39621
58717
43245
54643
12664
68283
4285
50735
36095
51085
10548
52063
32320
44972
52877
2510
52960
40964
54636
27918
20196
2151
2165
63740
65028
26833
41512
4457
18881
41744
23894
46111
48378
34663
22101
42044
69701
55759
25803
42092
11425
63218
38920
5780
5578
53306
63182
16297
41454
44612
53672
69419
35439
4642
1798
61863
63647
44655
62806
64647
45819
9381
68314
60680
5745
66850
17403
40232
27258
24758
60304
51045
3810
27828
9407
32993
20593
2743
42712
8411
12706
12552
33016
21449
14968
23370
10550
19004
52076
61067
40218
21634
31744
6775
11739
12091
10501
52608
8399
46009
8235
16460
23442
54586
53506
30271
21777
55091
16388
17524
58189
31072
54475
4453
29156
19665
18812
21312
48389
27058
45823
50722
35083
4308
50833
11091
49303
24947
53791
4519
49096
54572
45702
28453
59939
57185
68227
12152
7417
13798
42090
26419
30974
64115
1078
60708
9543
6292
34745
15386
35978
45757
3591
42995
59769
12466
59728
33857
52939
6646
57420
8070
16927
9392
3829
12081
9796
45415
49135
18647
56909
50878
52309
7444
10519
16181
36810
3464
14684
42723
37487
11051
56125
21413
43958
24081
62459
46399
32910
3832
2913
36490
20391
51251
1843
22557
56626
4422
15036
11322
40099
30656
3940
21276
18054
53504
46030
39034
31521
22598
64502
8050
54301
62745
55249
34523
50989
33356
9775
47939
33019
35959
25059
47874
8641
17556
47960
62012
37577
7433
58115
17197
24908
830
3392
59077
51473
48489
54098
32260
15565
49939
30282
31991
40949
45472
63879
58383
4181
7050
53052
39374
31230
4645
9780
63322
32326
54385
16480
15065
55114
18260
36632
55559
16369
50971
25154
3128
47475
10177
46611
28167
69910
4403
17909
55264
29202
32438
59957
48751
5094
15436
36094
39269
9396
4206
12830
53786
13648
66125
41718
22706
47352
27602
51077
48088
8357
24294
495
62710
20516
27328
28977
37667
68323
34659
52752
47372
24037
1166
40273
262
4695
6882
65218
63990
15135
25349
60464
21608
22286
63016
34591
42588
36863
33117
58647
44871
850
5492
15807
61038
22671
60162
55976
40056
66126
10774
9140
5220
62845
53081
47752
25585
22473
11587
8449
37130
59087
2768
21414
68032
61654
422
65561
12483
68779
51088
69166
39854
50669
19418
14926
16020
5090
27064
5068
357
50645
28964
48795
44353
13422
64293
65554
66775
26185
48676
32062
62847
37423
57014
50703
66796
62152
42638
51016
20155
35837
30745
67964
53164
21042
31038
38125
12913
23479
10118
7821
20183
3730
54494
10395
21540
41854
38686
31758
3608
58930
31373
24107
39594
8947
12233
1195
62001
62104
16976
63941
30990
56418
23801
56051
43895
66239
25366
28679
18515
41300
54735
59665
16420
62142
42817
65224
46372
54535
37228
4841
30728
54361
16488
43987
34509
42960
21652
55101
52539
25704
61105
42146
45187
1592
6205
29619
2675
48515
40950
55335
37673
63338
17216
69082
44432
47919
68869
60773
42350
37340
19311
15112
20794
38525
18337
51801
14460
34883
7970
12332
33367
68383
6918
15756
65089
57328
31866
45454
33138
20063
43297
59527
32010
28364
15156
33245
7410
46738
68537
65329
56397
48232
69925
22261
37822
18314
5537
31003
21553
23904
25155
26726
18340
35448
66959
69556
66189
46747
14440
58634
59303
69283
18297
44491
29102
51927
57653
14876
13553
22327
69941
13268
7671
2125
57546
854
18241
43246
16319
18513
29912
33635
30695
28405
10469
18039
64778
3890
38106
24478
25373
52001
8076
46609
58537
10299
56264
29308
42917
58741
34377
1411
64727
57190
997
42815
53047
53371
34500
48775
27361
47813
52700
45605
61340
58306
47983
33895
49497
46460
8740
67487
22786
61571
38255
28729
36437
21443
3561
26604
33408
36952
54928
37304
22682
63709
24230
22423
25211
53974
57742
41114
14347
484
52260
25305
4716
53182
6802
48701
52933
49446
33838
40883
3028
42338
19746
42435
12976
53174
20876
181
34514
67111
15584
48376
16723
33075
11239
3529
16208
22705
32833
28746
42481
13019
15440
4486
28576
47225
6318
25311
24757
52618
15049
20525
59052
65650
60113
20195
18035
10186
63966
7823
8863
286
60666
35592
67965
57359
69190
26135
26303
61617
52010
47093
62955
53654
33982
51329
42621
25146
50328
22418
43363
9108
3297
68845
61705
29680
10112
25828
37221
53246
43484
54917
55441
35895
64011
62956
69649
61963
13841
31952
30348
15951
26350
11500
56499
3181
29160
63719
18281
840
25294
39692
2539
56741
42004
22570
36425
9226
59774
13825
43077
11778
3244
56664
48940
41256
18826
55246
49453
32391
29209
5797
10628
961
60049
30978
19913
43479
35573
3583
12126
12496
7316
47682
11109
1168
67139
4298
54271
51690
53848
52583
69163
41999
55085
64859
46849
2655
39394
46307
41650
19149
12686
21344
13697
33159
23909
65784
15660
38987
30041
10532
33309
59616
54038
6117
60206
63607
12167
44256
54811
11228
45871
16684
28553
3923
16741
53861
31708
27481
67016
16115
9254
66544
23854
28875
38001
33898
6047
49348
4971
58157
5102
28276
1390
58849
58756
3296
37355
35824
32726
30388
56474
787
28446
50772
22165
67556
22962
63902
3321
43190
109
25273
56747
9754
27635
33262
18458
18531
41047
55168
57000
60959
39134
58542
21251
11799
48095
39347
510
21147
33568
52685
31623
18404
47553
49425
41285
13400
12121
21098
10825
52422
62812
69509
23747
31814
58354
14765
66714
67763
1759
1850
59349
2689
18326
13551
14881
69623
23561
12989
15906
33715
33156
55845
39868
14457
58249
16374
63832
20542
51656
43627
40965
36834
12539
46516
41580
43000
40994
62282
34120
16454
33727
11939
23243
10674
35154
68192
63188
5106
65338
57052
6732
15119
64888
40320
14598
44819
30447
22135
33071
16953
58948
65545
68179
30925
65103
48838
9117
68544
334
63476
30384
12550
47955
3138
67426
24527
69043
11284
21885
29021
3930
32645
44911
36029
35218
68435
8514
40646
33545
52330
16130
43266
54109
47379
49880
13388
2035
10110
66897
56718
35001
63226
12685
33843
29388
14891
45981
69366
58641
7532
267
42457
57715
51263
18851
69553
59991
69713
34766
64948
10979
49960
20372
12481
60306
687
49869
37384
69184
67476
65604
48416
5499
44594
38375
12971
39922
7613
15171
29733
45966
4700
19497
34335
1336
47856
23534
10492
10805
56081
32738
55083
7466
34412
19289
40498
65470
37373
27376
48394
27774
1344
18933
46088
47419
52890
29313
33710
60547
28043
39821
45814
24159
1228
19402
17496
67963
35429
62964
27780
13358
28087
11605
43526
22158
27434
45630
68979
19216
19850
35606
37697
5322
26013
51929
40124
23366
27254
55317
35535
51621
20403
15090
55088
15016
58650
23135
11781
26266
18027
29720
26601
63510
38918
49486
47166
30820
17465
59191
4701
25723
11359
50525
62529
3137
23592
68083
15052
47928
11924
45825
10503
26121
52494
6070
9646
22253
21061
50191
62442
9160
6754
3790
59896
53628
42884
27302
35098
11692
8155
31596
2774
41588
49711
46074
20241
48854
54996
1389
64992
55853
1217
25457
26219
55757
67366
45458
64565
21096
51386
67880
63118
26999
55285
21688
69510
34136
41598
50304
5854
16445
24492
58808
22730
60114
29800
68261
8879
6566
31339
55408
63564
41573
69564
17741
25075
25052
45448
34740
18702
66317
36112
15061
52643
9902
1775
58339
52510
51409
21354
21322
54733
56642
3056
19483
47045
23788
13990
55409
61902
61239
61375
64507
43758
32289
11475
44742
11968
7752
9846
30091
38523
10393
35549
53374
50297
69679
2319
44708
14142
58300
36828
20296
59200
12095
55262
57481
11256
16795
42231
35295
63699
23269
49279
50220
65513
58064
33553
28006
33353
5430
34437
48496
65041
23070
57849
59386
1073
34494
35998
63434
32130
42063
9972
55974
20776
41583
18845
60808
37970
50519
16888
26788
46225
3002
45664
39610
43733
8487
21796
2185
3319
55819
47220
15637
50559
4663
1404
33942
10977
16320
5028
62081
50192
40926
7651
1145
49112
42473
1941
28141
12222
25064
11501
64901
8143
26480
62230
23372
67537
48452
45971
48522
49797
64371
39461
65531
34299
52271
18442
5405
59649
18906
31154
30587
10284
15069
15836
45767
27605
10045
21575
47749
1636
55797
56104
46361
18894
21263
1197
25572
45550
64249
28214
68823
23949
68389
56774
38425
141
46474
7147
43768
49786
7445
53485
60712
63680
32562
39755
20673
67663
44584
68506
54306
20949
48393
53395
31489
65888
40059
25464
11721
58287
52927
14221
61070
55996
1689
2761
38294
36783
18341
52714
41528
30163
11636
62531
35763
63826
9718
39704
292
43696
57690
14389
41662
63314
9901
43412
32654
46875
12162
39166
33772
5107
35481
9620
27071
58992
66541
43592
67597
52486
28802
48093
43371
56813
47815
23576
3934
32574
34009
41189
53693
25703
475
24390
43545
65189
43611
50475
34519
13568
42058
2664
23558
53862
66617
42478
28209
40055
3922
16037
52163
56708
36622
47821
57021
47753
21744
18828
516
46666
53414
18387
26289
31331
27177
34272
68133
66054
42794
49907
30819
7324
30703
22953
925
45355
15621
1676
60921
15005
63225
46056
3073
69453
8687
44516
27666
64637
10003
62580
47527
11663
15839
27522
17566
68984
44059
53239
50212
35773
29000
39413
56639
23315
44405
44460
59107
11705
31443
23455
15131
62974
15620
47632
3497
34053
50909
51095
26846
159
1518
29887
32634
39880
11482
19430
29361
19816
13102
39139
61242
17937
2095
39568
20219
21538
16715
36849
58712
60727
58856
16672
52894
37400
68796
45700
46937
22928
975
28445
10041
57522
53241
48149
33334
62213
47770
21654
62036
411
14333
54852
65157
23016
63115
3554
31499
55622
26494
13161
40086
68883
19021
32829
10390
24218
35595
59106
13330
31930
48053
13680
64672
66868
68798
3064
35071
28467
5907
12371
36515
2346
23874
2484
27222
22695
53255
34166
64707
22894
69739
63599
39531
41339
35291
41448
23603
1180
64269
59010
21195
1731
68956
28818
42574
55278
48122
60975
7544
31108
33447
17412
33766
39053
22325
3570
4241
68204
49576
67323
27598
31916
20757
27245
58651
1146
19785
15987
26071
10640
55478
39856
32679
58486
24234
22167
51349
7486
7743
50578
68006
60670
3115
38424
20811
30031
17130
11570
1625
35447
23068
16857
1922
44487
16616
34340
7115
57995
38819
60711
2091
45597
45914
46275
9174
54230
62382
68762
31249
14166
58140
65491
25937
40328
51474
27831
41605
18196
6191
41592
45358
7128
53940
31571
4710
27548
791
47653
56660
28993
33280
60857
47217
65452
33696
42882
57101
61918
41471
47373
2748
54104
15104
13527
61362
46336
45209
44630
16128
4071
65878
55889
58793
63032
36967
10827
45189
69706
58101
35279
69242
13007
14116
9910
14425
66622
55733
66562
47786
64738
24127
31346
41664
8231
25898
48995
69430
59779
18765
58827
65251
31502
20345
52664
60474
20627
53795
49389
43364
4766
48787
7258
68790
23513
67657
5340
19068
9899
32292
272
67422
61668
65136
28545
890
19664
19999
42610
19113
23802
27475
28108
37486
34455
46427
28834
46268
2703
36090
49146
44957
30935
29631
7852
23233
28965
65995
9708
15945
18278
34071
19689
55876
67284
65607
17172
33983
41360
61228
61989
38150
36619
46005
17669
38218
12359
55279
59953
5030
14899
65981
64721
25220
32835
54700
15899
65588
35691
8545
49644
53299
52071
49288
54611
25568
6473
22941
39597
12079
22150
47247
8592
62443
17809
47436
52881
55924
43951
45398
59169
7112
608
50882
19952
58817
13259
69445
63908
11224
68937
46848
14281
4505
55574
63480
49493
62573
14940
44907
12498
50431
65206
54970
32788
41906
30207
14155
29233
19175
36602
6701
47705
69267
69668
6734
3406
33110
58285
6460
57860
8289
25600
43021
38939
68991
62691
47593
29921
11398
2928
44088
62415
36040
66209
35347
38727
17746
25203
47857
3279
67085
12957
13248
52589
62013
13868
13375
56137
14559
43976
52295
67132
53732
26792
18927
69498
56166
16906
23275
55418
39460
15285
23487
63957
46224
39081
57805
17036
3850
20087
52003
23910
61734
20874
4046
50631
69112
15602
22007
26638
18313
59707
18383
20471
312
60647
63052
20541
7187
47447
31333
64752
43764
24256
31767
31146
9354
34730
57815
55491
55776
39172
48744
34503
24219
19234
43637
67978
3955
1800
4635
3249
61611
56290
4768
25879
47692
25061
32551
52998
28884
39451
45898
22900
51555
59239
11976
54194
33486
34580
518
32836
16846
9211
40585
35545
50054
30693
5769
31278
69328
13774
54711
17951
28892
49958
57753
56588
47543
12270
31568
52501
50879
44982
47300
4350
67369
14223
51168
32967
59241
8266
46108
44467
11075
15111
43624
26875
47866
55607
23249
18474
48749
35032
17226
53045
20230
49504
21977
30398
57820
64503
40769
3749
65930
55836
23566
29490
18801
41403
65549
51509
29732
47273
5176
60592
29570
47634
431
54074
5789
49775
6829
21105
51790
44238
62923
56891
28004
3935
46795
13442
10213
32471
52996
67851
67721
65154
31244
38261
15847
25806
37516
29339
61003
43997
43088
14769
24648
46117
63187
49757
13231
46787
47633
16182
13481
69784
43983
821
34784
29617
49946
1412
22559
7718
32243
20053
52011
22803
32837
1043
65312
59357
51416
3592
59447
25770
43472
19321
21757
42595
47046
44224
43745
59952
10020
31216
18300
66815
39826
43079
54103
2124
59302
11655
12977
31202
3376
291
54727
41517
26111
8743
29494
65462
15006
2531
39100
43093
9002
1446
48266
54868
10888
53363
16850
27196
48281
236
29739
11090
54874
25341
65146
37235
55245
17325
66079
26825
37880
13093
46896
44014
56558
53547
42285
33503
23635
56160
58659
35018
28331
25320
66487
27457
47415
59122
54212
59064
18067
54932
67148
44650
15493
10006
10327
25783
60628
45900
20416
67307
44387
22769
18164
8045
65197
25816
65415
52150
36247
36510
2769
37027
25018
32704
54147
12223
51339
13695
23828
56882
24122
12218
37409
47272
67151
15958
3802
34790
3190
38985
17222
53945
42979
56462
54266
5067
24698
33025
37641
45489
69669
52252
32879
19453
17648
59000
44747
14593
55345
53362
43393
15952
40179
9742
28572
3887
39591
68903
69134
45498
767
38611
57455
60624
147
8920
24606
60122
34521
23222
21331
17899
20866
24153
40417
54622
22754
62322
58147
35571
45137
28124
66849
22220
2663
216
56647
68569
31399
20076
53435
61635
52775
15496
31184
1005
66699
41943
45438
33251
48177
56610
36472
35797
58819
29903
65347
36770
48980
54207
68533
49808
14716
36572
10522
6607
54895
55711
1303
29694
54448
61190
61112
44903
14757
40144
54328
1022
39946
23133
53674
50504
27242
10963
30424
49915
45827
66029
56842
4442
25392
44878
4100
20970
58644
38073
43413
61299
40195
68932
5343
37844
60098
2949
16788
10290
12418
41873
909
1240
61260
66290
16791
8901
58210
2688
60097
29633
44837
28635
47459
20169
1998
55322
5275
67490
67031
34111
9573
20924
49787
2145
38181
12628
40654
62007
10229
44506
3719
45465
26195
51776
57383
31044
19132
29753
21343
54001
40302
16473
68226
43598
23248
53064
43872
4506
6643
5116
49476
3485
63362
67778
2492
68692
29585
45241
33789
26322
54758
25815
33052
45603
34077
36320
47695
16062
12241
15812
44488
57667
25840
54701
29922
23409
60812
42212
474
5473
59130
2476
16504
19171
34375
12434
15719
41201
8290
33487
69090
59475
29242
3043
57614
39583
13332
40822
42896
65434
63509
59126
53245
61109
27707
39810
47126
13628
37292
47268
26182
60163
67587
41281
40441
27948
27826
18155
41349
5910
15759
40406
5227
45570
2809
53057
48216
17486
22753
44631
55025
29595
18271
9049
20740
19212
69678
8393
13169
17345
58731
54257
46820
48447
44512
60598
48155
5888
62472
25747
14713
37513
66722
10753
9476
67889
45885
57469
15642
50457
57544
4979
25
56846
51137
30827
31065
62150
59301
3709
37118
15676
22246
47479
52065
50643
60195
61456
13507
57191
50340
35541
56848
50470
41857
55315
10071
60491
42501
2749
6127
29498
60350
22005
7320
30374
10641
34247
13045
14938
40723
10363
66621
7696
11332
62434
61864
46693
46348
57413
3740
37814
59009
681
45619
65920
39747
8915
1973
39194
27679
50015
27526
37169
15767
69971
55901
29281
65780
18646
32110
62711
50106
65418
24858
10879
67693
7280
38786
51220
6867
7196
42689
49278
48567
61195
6500
8057
34667
59385
31377
20240
60235
43908
58596
42828
3928
8522
53607
69406
9217
68727
53092
40977
23042
65232
42663
59486
43337
55144
20319
36399
20806
9923
30503
20124
14690
17602
49693
47740
59264
38570
51959
21877
45562
61494
37495
6534
63589
2256
58014
30662
15479
32566
39757
22482
39396
29321
5894
47853
27970
56324
46455
67105
28363
16038
3746
61346
67082
27137
14067
22148
48791
47036
11314
11448
7969
6822
16447
14790
30090
7202
59805
66519
10480
44042
59270
43379
9166
15957
69636
58710
63209
41703
30987
40440
34237
28205
34803
29623
68484
69229
63841
10121
45897
28776
43362
45714
9950
57889
49360
29736
24928
47933
54452
32896
13208
41808
65020
31208
9666
49793
11738
3240
63835
50109
29045
13032
16884
65325
18526
36367
43395
10544
41117
55387
41452
49619
21858
16463
29706
24552
2141
22881
47365
54999
19910
55098
40063
54326
16663
26540
8895
65068
4922
28114
59629
44040
5828
68967
16769
10788
67751
10629
27817
37783
61424
55967
66378
19774
42894
269
24979
34935
59660
26325
40146
19526
67433
64856
41686
29828
36258
16242
66404
56702
62455
21670
51524
12181
8339
27772
45799
67827
41853
60675
69237
26428
32498
67881
24832
35749
22466
34333
48762
21595
47180
50316
19650
31428
16137
40187
41278
36862
58908
38610
60597
46978
22270
20268
26900
30225
9098
40823
41308
4300
15876
33186
16386
59553
62599
35933
18941
50546
6139
40162
1596
8456
52459
53546
59172
58384
10538
69271
16761
20910
19784
25363
33273
42729
18691
54218
23001
61644
40493
22371
55382
19467
69658
57351
3524
15896
17933
69608
2056
57873
27511
45007
15095
21678
42745
19424
27115
2706
59188
3975
23267
45747
44317
57625
62221
67970
53402
53073
58160
244
52935
25829
20897
49285
47222
39752
2225
3530
50287
56244
28471
50526
11111
69848
55254
62701
15267
56398
60436
12691
46405
50353
22725
38216
52354
3681
62924
58305
56569
13384
18774
66282
64393
12940
30389
69158
45267
67703
69818
26542
6148
37394
35455
59975
48258
34
64452
30344
7633
58561
18081
44862
41105
22546
69593
59207
33051
43018
219
18242
23885
63726
16757
6080
3547
56847
44367
46960
7540
55963
39690
66820
33465
56245
59350
149
3943
41181
3913
489
23596
62977
1726
3588
61826
7177
34364
64726
34576
18293
60720
55525
59079
26983
1079
62175
9386
34863
54202
54449
61097
21710
45535
65541
31529
16482
24549
15332
27045
51856
1649
42773
15603
41078
59148
46560
37724
43471
39445
49268
28548
54253
8114
20619
59187
3013
3640
67328
37131
15110
47492
26575
42813
3972
31899
43320
7126
67248
34638
60903
61670
16747
9548
46934
41209
48166
25117
44552
69795
47480
38142
2840
59836
26827
9738
34971
23388
734
48832
68866
48678
15251
25330
700
45629
57277
55737
19880
33184
47143
10404
39402
26807
64059
40116
6629
66373
56229
42472
69714
57394
32529
45661
54776
55432
18741
61002
8570
8537
69794
18950
23334
58425
39099
17849
11178
16139
10457
46297
50232
28743
11030
32030
14630
25794
25639
16433
43115
53621
32678
18332
35730
37391
19310
66647
46870
36345
3522
49436
20645
33549
21119
10560
36418
33375
37038
38017
30318
49374
32936
56468
53075
68906
48789
41926
63048
37139
9295
40767
50916
67828
24573
37529
45352
32646
38963
26862
30295
45870
57708
448
48402
9482
65707
10086
35626
28748
24767
66216
17462
7174
34238
22652
25224
54849
64191
26636
6761
66123
57563
22449
12410
58089
32412
24338
34356
23779
34861
36183
24538
4729
53317
66380
53614
61853
67381
41620
3621
34245
44590
56820
34534
62553
32234
29307
8160
12558
48038
6416
25450
63198
16629
19099
59892
11104
46569
67374
53610
19193
67140
60321
50141
32288
2293
13559
45722
9565
49768
46483
11233
45185
69084
17985
47687
16338
28301
59223
54208
8110
65620
17894
44047
48410
64519
38506
53675
32015
13126
14458
58549
50855
53008
11927
5523
19876
18294
22073
27513
39660
27343
37362
5591
23091
53382
1735
40860
30451
25264
56256
36
50077
50385
31186
39170
68919
43530
16334
3801
66468
59021
13635
15800
4378
64646
60952
16648
29839
14495
13292
61561
27600
13173
17157
4636
6604
42476
30056
5987
17785
55570
31806
13805
24449
16766
67913
64719
38414
65456
33591
52424
19725
29958
41029
17014
61746
58143
54716
69858
43470
39686
53364
52334
20172
12073
19742
1938
31182
13720
38693
9428
4479
54889
19625
9938
23908
302
6638
27824
7784
25022
15447
64846
22480
10552
14558
17887
43477
10895
35884
63561
18742
59847
8964
46479
63486
40280
26442
8530
7998
45165
56457
25200
1972
11856
33774
66489
46486
49290
48944
10128
18854
52804
3590
28702
7983
55815
21233
15723
39277
23459
57837
62730
50137
23380
22408
10512
59501
14367
43979
13616
6261
11067
30333
33733
6546
54009
23971
48921
7299
31053
32986
45301
5483
23394
31680
63261
36259
28220
29115
985
60337
17538
37506
11162
68115
46003
48273
4754
44058
54043
53232
62380
66221
21657
57829
32966
25442
1183
1177
9116
28651
35632
12419
63570
31123
19073
33308
68470
5366
12159
5253
266
63058
23982
765
26145
46357
18063
14548
61484
9843
58771
69868
61223
16855
60620
25540
63714
47846
18305
8543
5575
21822
47719
21936
11769
11417
63409
67436
54630
40967
18512
29445
2493
14913
65974
23345
50944
65962
33050
545
25504
32455
50118
13214
33856
4107
37995
44471
44559
46354
28158
62009
27083
65883
53037
11707
6455
21408
46760
23141
41094
53554
68210
12443
30602
18975
58296
39892
1275
48740
20436
55293
28517
20078
17592
41490
15985
35124
4055
8781
13714
21043
53400
380
61066
19524
11817
36348
61011
54094
64233
36690
25241
64076
5089
2211
63009
34048
49386
4284
68807
46989
42946
42465
54616
20340
7219
38197
45802
24206
34610
1385
5965
66351
2142
711
46789
28958
51779
31781
62891
13908
55898
7369
8481
46739
10729
60104
55220
22619
39025
17774
63575
35244
61245
22982
39183
66397
9377
1102
69060
26670
13074
61532
10785
12139
12066
69367
21093
48360
47673
34918
11748
17018
44045
11419
15988
14703
44671
18650
14302
59066
8949
49913
62389
13542
21498
26307
48208
59753
21024
51934
57200
34681
64802
44589
56913
62568
39965
62698
65504
67074
11865
25025
2906
2565
58959
47116
59314
23757
55568
44202
65800
15506
47232
40581
55267
3574
3426
16843
54722
62659
5443
11341
51
4010
33517
37482
5341
33850
36400
41320
3998
65120
25697
40990
27149
1380
11812
53179
27357
23072
55320
30039
65535
39184
4814
43173
68711
49291
65005
39935
43481
3403
23076
22600
24874
28409
50860
66139
52350
49250
69097
62391
40944
63932
38997
52306
25451
7506
53510
53873
51883
53109
35
35826
24826
57921
13043
58655
23804
62204
48639
16353
26530
12023
39640
5981
68372
8432
26173
56087
56327
7016
64760
42247
7592
36009
63285
17494
66778
43835
50579
16805
18258
22643
22536
56425
12026
17196
1067
51734
8273
62755
8877
15647
65715
36917
35601
6333
55708
68949
38211
45709
68281
58185
28731
62799
59028
10741
65983
1838
35524
6352
31508
13614
43712
66098
64580
38013
48816
51721
43571
17137
42807
34124
18097
23622
566
48418
29023
46567
6974
14669
20455
37537
54729
15260
10065
48680
83
12471
29509
4713
44959
63907
11859
2711
64993
46701
24339
57898
12588
34039
48348
56017
14203
7122
5730
57875
23595
23867
39418
16064
55830
41457
36568
68815
46493
11668
44628
2192
35201
15926
33059
35560
14929
53136
11661
40765
60963
65646
47729
58255
21579
26826
48369
62928
45792
561
47016
40622
35531
3328
30973
15628
36729
53579
63178
13865
13554
26945
29989
32418
48868
39431
51476
60384
51525
2683
50473
35267
39385
21828
50910
42103
9639
60654
3391
3647
44071
64542
11089
29497
8969
45564
14494
7523
16912
49329
42973
7923
24362
54906
54225
12068
46886
62219
11273
45930
55527
25537
68244
24813
62877
25086
36427
10523
54663
47259
20131
47911
38291
45962
46566
43982
3879
68809
23946
28657
58878
18201
36693
25757
26517
1388
22778
17447
51219
51716
7372
53691
21992
15445
65797
22714
18061
16383
4772
51926
48694
17870
41031
28586
60326
31479
24251
43432
66887
22093
4436
14566
11834
15841
8809
24668
43012
62305
58482
54896
43423
6184
29558
33122
673
51684
20960
33197
63464
65700
17513
25972
48941
27122
62068
8389
18687
2271
64940
62425
35980
49636
53877
55837
41931
23544
68999
38559
65388
60918
27408
20153
11670
11861
66062
51195
388
49401
12004
24462
49620
22434
67546
35927
47950
60421
51596
66202
30273
55309
18626
24119
28080
48905
12556
47478
606
1047
51707
11700
46568
61974
56239
68909
24922
65150
61493
68080
36847
64828
66104
33943
24674
60678
15040
42447
21590
35009
39615
46564
2937
47688
26063
7555
18057
1534
57693
47387
23841
12961
38246
57795
28889
33488
26210
20255
38378
10421
699
44660
66171
22105
48827
3215
59093
52866
52461
10978
42492
15152
18028
30276
47738
38775
41647
36360
41935
31188
12870
1837
5542
38835
29148
40072
24250
26961
1809
29397
47848
55783
20674
53210
30310
64110
60071
34490
56467
41702
32820
21527
11266
58769
45554
43519
15187
28747
54856
42151
56967
60405
48365
17706
44373
39437
44278
22218
66859
65112
7968
29251
42760
56739
7123
15609
67440
29371
61279
6094
12856
32100
69080
15238
46235
59308
17938
22389
2921
19348
45244
68023
47124
1227
26519
1693
32011
15366
39281
1665
36590
9465
32978
62821
17143
14168
22836
68044
14239
52837
40645
54219
16312
19387
24290
68765
55821
60513
46507
34170
26491
54642
18572
40724
2696
40482
24912
31591
405
20721
42644
4289
43113
26080
43966
30406
52551
39048
13706
65889
18414
43925
63006
18655
50190
6962
16001
57801
37800
66799
49645
53731
16416
8847
56089
37119
63194
20473
8319
14
24333
54066
895
64400
61837
39691
39678
11254
59690
37426
59638
45134
5431
22377
7988
66165
40971
7446
60297
59928
69359
5007
703
64026
13909
26676
63801
28915
26705
50199
23877
29088
55528
61597
59307
35814
464
67801
69348
46412
36520
57608
41915
53104
34609
44330
18763
59202
12365
52967
58109
50332
68548
44439
5881
54994
24886
54791
11749
43302
1003
57211
17930
69985
37782
3396
41301
34994
33556
17611
6486
3696
39859
12672
36885
63386
68457
46367
3226
45537
58621
17855
30888
25455
7135
39164
29913
62983
25309
13056
24145
15228
2914
57961
69737
51360
24933
69209
45599
15949
47026
66105
1341
873
52906
30741
16872
48936
13063
19344
29983
63172
31750
58036
64808
17295
14976
34492
47390
36570
66086
16612
7521
37835
54549
55909
11909
23928
48548
14100
33493
13878
20034
39328
57925
11280
24699
27802
30228
34428
56281
5682
61556
12330
28101
2505
47334
61477
59430
31235
47108
69141
69015
47497
33358
67609
18017
46767
19055
16234
14633
58236
35084
2168
65333
20160
38648
59791
25267
40638
29141
54588
65648
56282
21556
41657
26925
9917
53542
35791
1804
20126
13494
27516
10643
59998
48672
30087
66675
949
68528
29310
48350
16201
34353
8646
3994
45099
22019
30140
57538
10183
4139
20967
66338
27097
32717
9562
29121
6947
2222
53163
5421
47127
34076
30287
12608
26855
49991
19740
28226
67466
25202
64790
64143
7920
59364
37781
35206
4081
15586
8598
7653
42968
14362
35178
58460
13077
32
17083
4773
46226
53446
9384
69563
29998
53781
69186
34536
22595
49752
43497
30397
45191
22333
16086
35765
60055
1215
32388
43726
68272
7154
48315
51289
14776
14618
16529
17199
61198
25321
11596
5056
21648
11122
1121
27289
62080
39256
29211
26045
57169
38960
13852
42549
41967
48507
34192
39532
52145
69478
17255
41708
50742
8272
11295
14506
19077
25905
49639
38340
38511
29873
21924
42627
27729
63771
15078
63090
44293
45406
24012
53624
15136
55696
53990
62420
34495
45677
22
35150
27963
61042
48475
48869
65856
49652
33681
549
29597
29052
20140
58511
436
61015
12883
49927
24751
13987
54256
57039
68982
26851
30078
41557
1783
14421
47025
69760
20529
14718
42775
28109
33894
40092
3102
14160
59393
66145
7249
3938
45589
56240
22758
42538
41395
53538
24209
5037
69947
27609
61004
65757
62713
32583
37436
28938
65195
35523
2602
12807
53602
63501
63117
5610
701
11249
57149
12287
12800
61851
8531
65214
27216
4947
37599
66111
44865
13893
36836
66645
14521
46520
43156
9540
55508
68667
16803
51996
5615
49626
20833
12197
54685
34254
31185
59036
28198
20651
32084
30517
55019
15492
32241
12954
23029
68599
50428
7698
37567
53702
4782
34242
52185
60347
32606
53011
59985
14078
24526
53695
39725
37465
35662
21546
60435
42098
23270
62310
55435
41987
11157
40199
36070
67076
36127
37748
37345
67417
50413
41575
30708
19552
43134
67411
46438
23446
36657
24657
35278
35475
24980
47905
43295
20843
54354
53127
54903
54648
68018
29744
15740
39677
25608
4172
199
21820
34962
29941
41661
48462
8527
38687
9097
33963
1059
55453
63483
68129
1238
44336
39444
59692
52558
48116
44146
48987
19772
57093
5647
14969
4659
33507
57635
47363
53669
5040
34639
31654
51113
61480
10539
23458
26612
1128
22306
67465
42120
65659
31567
14619
3967
31135
14499
22980
29260
2670
4702
44136
52544
64551
31302
33388
3100
46324
63458
40418
50249
43738
38187
29824
14728
22478
25284
10253
59436
54082
68857
45671
69861
13653
51381
33396
8607
61153
63041
64414
38847
44872
55863
54485
42185
25414
17074
40377
40136
6307
31311
56734
26911
33305
20533
20563
31284
11538
17810
32892
14386
65086
33509
57365
11529
69788
44319
16702
4721
20444
20760
31441
22258
33389
64668
2965
10894
59208
52403
9059
62368
35066
18433
60298
32756
11216
1966
69485
5251
33659
35175
4145
20934
56376
47838
65234
30311
61259
68296
53780
44160
66781
54926
33201
21758
31854
58805
34121
64534
48533
47734
13911
54890
49895
68143
11991
32334
31600
68880
2188
11015
57959
17489
59149
64972
17836
27001
13563
4612
55678
66235
39438
1081
25462
35610
52415
13776
29685
6024
36467
57592
22339
19114
17229
22905
9395
11287
60899
12243
37676
35789
67701
39683
26919
56470
31703
46742
41529
55859
66021
10506
18543
25895
35747
55900
50204
40856
21698
20644
25940
59159
15500
62248
36296
52008
39881
60878
63478
52037
64544
34949
35559
56472
67593
61530
47806
59298
9411
34288
45748
33295
53265
62802
62889
4498
5491
58691
30256
4580
59340
62888
2908
46271
25215
15350
42126
64377
8203
36771
36466
69870
53498
23303
61821
14601
27551
23531
4816
21528
50738
54164
17050
48815
64809
49700
44551
5042
43992
62994
18661
50339
5059
6115
39721
365
433
40344
56449
36208
69773
20492
39426
41625
40233
49564
64265
35460
68048
26644
33637
65011
45563
2421
62222
7127
47521
40353
65547
65892
36688
5458
33776
22378
12910
47411
39825
13026
65634
11590
69300
38875
66759
40687
62239
62484
9025
6535
2755
39675
3877
8073
44001
50311
62705
61610
22085
52307
29516
67967
63116
21383
64873
51290
2654
39280
55993
44030
55884
64614
22115
50179
59863
6222
59504
20780
50139
38494
55427
41368
60070
43219
35192
39084
238
2429
40297
38834
35322
55498
15003
57486
64994
27320
7642
1353
32975
3158
64931
37136
35281
28396
20056
31610
21742
59400
68623
5932
65425
2604
6644
33202
46608
27374
42728
531
12030
61383
41255
60869
51129
63960
36838
68328
54997
34052
65010
20987
64218
62533
52066
36099
58201
32007
11435
33214
11873
43025
14585
53878
9814
30896
40411
12487
55027
2652
31630
34806
28737
55482
29792
45000
65207
6393
20893
20050
63853
25970
26306
7682
29974
18023
1199
57434
21154
41641
27341
30781
13202
47595
42859
60886
50872
49519
31656
68480
13464
46947
15113
38841
51061
14827
66680
51747
7094
6596
59796
39598
27280
21297
44321
49232
11406
30403
42429
18863
8791
39871
51060
54693
46086
6425
33226
64245
44140
12495
23296
5832
42424
930
51905
69522
22929
19265
24827
7525
9664
14759
5565
39836
25218
52699
8191
5204
61136
3625
20926
32665
24881
15414
44665
6116
4210
23884
857
59784
32375
25778
42967
53536
34558
53325
47643
4846
33304
2533
68579
18776
64168
63356
2202
50400
10707
17421
52324
41950
5196
28708
36811
11512
28149
63298
7635
67509
51859
24740
16618
52319
3092
66365
16762
41997
2873
8080
27523
30843
52524
33688
19243
28634
42654
12300
49160
41879
36302
29197
29396
59144
55295
61298
52385
21827
48781
26457
65024
45219
37878
40089
49466
18893
68916
30685
21149
66303
46355
38277
6334
40068
32695
28410
44846
56589
28942
27965
53727
14858
9179
59883
33759
60
54972
50142
43378
68515
33456
31242
6773
33697
6238
20249
43385
60090
20522
36430
26012
6774
67474
28408
56579
21494
15206
40258
59153
13213
19695
36907
24266
13295
19805
6691
64878
7650
33446
5121
9791
1531
15422
26334
39877
44918
58985
7871
19253
2637
69585
17116
48052
39465
31983
17452
56037
4429
6987
69136
48713
23853
47549
578
35126
9268
62155
48770
9378
7018
52395
7260
20032
49973
46777
13688
45573
1032
15405
25990
26975
62299
34696
13853
67994
41847
44397
26277
3840
6182
9849
38952
7712
1044
10115
44664
43687
28401
37568
14220
55465
58983
63535
11437
38914
41855
19063
488
13894
29748
42665
22100
63007
59295
29015
51603
52265
26207
11183
31533
40047
10760
55417
26373
25785
5268
43130
11844
40428
49336
16342
53335
11414
2756
46149
57451
50423
57847
16807
53242
6275
9244
46096
43570
56559
39482
64967
55705
45329
25008
16915
50798
9149
11396
445
16330
42586
12339
36775
21278
20692
20331
24894
54145
13942
44570
4469
32182
26733
61130
5198
49469
33984
38569
34972
50215
3113
52825
56977
26355
26767
6424
22248
2636
14600
54259
43752
412
68439
11516
7948
20418
57141
66507
40368
51391
34612
65868
9491
43255
30445
56648
33678
23748
29421
39609
14381
49771
69114
66463
35042
29322
34564
57674
4652
1609
64781
18235
58865
47125
61831
41571
56055
54394
68159
33418
10965
28787
41116
34014
41894
51437
16215
69096
30427
45666
41387
42866
11286
45820
11745
51225
34899
11114
6266
19505
21973
15761
480
61032
58086
7905
30650
32230
8497
8982
57339
53757
27842
59006
54060
1355
69274
7667
28192
22933
56880
61229
31891
67684
55433
6511
69056
19848
66804
49848
5798
17510
15473
7500
26267
33160
35240
27767
28777
64229
10166
62820
26796
61806
62865
8587
12404
66608
63918
4810
60991
53430
16934
32573
40563
16967
41241
45278
68429
48152
18009
15308
15259
31536
62124
36908
59861
62856
20830
16157
50610
67351
4808
61470
34748
36521
11509
57143
33431
59555
50885
35174
34023
37092
18643
13803
11886
45972
7492
7407
50257
54302
36647
28235
20738
24759
59940
45035
36944
49969
2478
45384
35681
4671
4278
35169
2060
12014
7569
41380
67723
47715
52181
66494
10809
57295
27760
45828
3995
60317
49924
15625
18857
1684
30144
17370
33141
46216
2132
8797
23568
61576
50602
47407
18550
40122
48289
27989
24190
46665
5187
16323
36162
4917
30033
51674
51894
5222
31966
52335
25473
48420
9669
48747
19700
10410
1337
7621
56266
69807
45059
14514
44323
51960
491
19705
20223
68744
25039
3401
24420
48207
62186
44934
7408
58914
577
2560
9857
11211
64141
24249
55589
16478
16135
57609
43890
19837
66828
7657
61631
53640
34881
59966
56394
55521
46799
17671
21092
67571
61184
63591
7321
762
32810
23686
16968
23440
52119
65741
3827
30481
9619
32865
38456
10203
53274
64761
69279
52731
41612
19189
50919
32132
51294
229
67698
62958
4640
7022
60358
5188
58739
23057
22139
69363
31634
4639
43629
63731
53797
42667
39618
26281
41755
61405
5963
9137
50067
49228
8763
33505
40424
24525
44645
31011
61843
30484
15866
9919
47663
67331
34875
33261
37765
66864
56322
45125
39706
43765
68800
42647
16235
57229
13440
61995
16998
5098
8850
14955
50911
68752
30365
5696
56003
13902
48126
29787
45492
17092
8236
45198
28452
28694
194
68166
23039
44385
39252
65305
5800
57704
57041
64970
17441
48624
11472
12980
51295
11474
26450
1943
29480
37206
16424
23192
16639
31842
64608
52056
39702
3344
21317
34614
15929
16709
5115
59276
12458
6569
55073
57418
55047
148
29715
30991
49298
34320
36679
37126
27536
51895
3179
69243
55635
40329
59630
7267
40838
63642
38493
42991
32396
66517
4678
60279
48472
63959
3779
13718
33811
31313
333
54892
52928
11421
37917
41983
44232
816
20634
2891
32931
31564
28929
58815
57568
4834
50321
54644
26050
26477
28975
13623
9819
67123
37875
23656
54119
2175
56853
46943
28454
14415
32139
65518
24336
17991
54594
36033
46746
1806
40275
10243
3303
59647
64636
2117
16175
47812
24011
49861
23716
36620
67549
38814
52177
23089
51002
69931
49426
66832
7171
17233
37363
10372
62919
12975
67414
64009
6431
56103
59494
15231
25766
37753
60757
55866
15571
56189
52672
10100
22488
65992
60041
42232
23283
21145
2699
23111
68398
37368
27105
21606
4784
46062
10341
31386
66490
26642
52826
52838
8087
941
45999
39272
20041
68060
19845
9164
65771
41734
32673
17636
81
12855
33630
3431
4705
19569
10797
61474
57865
21946
17733
32229
54083
45332
13758
13950
7274
64291
40545
64296
58724
63097
54432
13165
60553
13593
57029
2078
18877
57732
2064
28174
31078
3255
37538
43114
66219
7071
12729
37721
47610
18885
17443
6467
50621
35215
59773
27117
30577
34475
48064
61316
36784
55256
14923
58020
67336
44362
65391
27212
34531
66328
13009
33365
60257
3446
7710
54330
22617
10228
60953
49595
679
59427
18111
39519
5488
16248
56923
14064
3499
16292
67128
23873
26574
64616
52326
795
3488
14147
19871
64600
20834
60348
52705
58385
13969
43801
32424
59659
54708
17327
18996
66567
32399
42781
29302
3308
64836
23771
59231
20797
68508
28308
10820
59884
61600
55726
14149
45532
44089
37804
918
50751
63747
38852
26669
5174
20425
11418
34393
35866
63887
46715
23297
64405
11504
42921
50260
24050
12582
28056
37213
68270
31709
63725
24903
38780
8731
6457
45084
7567
12226
36363
69144
31054
66120
40149
34296
57983
42049
32787
1196
24664
62772
27932
10016
24796
58906
34886
44032
4430
69410
46555
56815
42957
7164
7588
43517
3414
23746
39199
22183
31316
56554
37662
6001
35893
24714
58338
9667
60314
60848
27875
53870
4615
21558
18482
51136
18123
12654
30542
61724
34915
25053
54843
29901
33680
45401
44697
1071
22917
43099
50761
59580
61572
846
805
39513
64821
3046
44381
59058
16591
12885
14993
63756
41552
32127
33391
9253
1080
43774
13483
17038
51625
57992
64566
49173
43453
65799
20861
10276
23975
41849
50196
57391
39827
36498
43563
63551
23210
66554
31276
4634
3030
7704
58056
47345
44545
10157
30482
33975
13139
6542
9335
47772
26810
55504
44549
50229
55402
49699
48198
30305
13308
32252
68219
55746
46851
59067
7827
30867
5410
55450
31636
24151
61959
39463
27402
40262
58777
48379
4190
68161
28115
47120
43188
23616
45324
1746
38824
4248
31159
60112
51591
39279
27336
44764
21816
67779
46484
46330
32917
15982
29524
54167
63601
22976
62887
67690
9342
2041
26040
14028
10763
11399
59012
47017
26543
30922
28773
18913
64862
48962
54057
6966
34963
17918
25961
32273
10554
43193
9882
5180
12803
10772
60395
20367
6295
66226
9096
61063
28774
17970
50517
69253
51803
41578
65551
30249
24581
4501
9750
14798
36085
17745
33993
61885
53633
27962
57237
53644
62207
50143
30104
62683
25573
7648
46494
46710
36797
30387
48872
20862
29703
45229
5295
39737
47324
25619
24889
55392
35956
60586
61596
37489
11796
69377
56291
44399
31980
19566
5538
41670
14165
34630
5624
65194
30105
57791
4840
14288
47724
26813
16375
42525
19044
27683
50474
33067
31439
15838
26789
6200
38972
9726
49773
44479
50036
923
38948
17361
17099
38337
1990
23661
67484
6538
14854
15998
53739
4735
3093
62801
66852
63357
50500
20209
62037
7708
51229
59138
48043
5105
60580
25010
21544
10732
32314
31350
18045
5608
60634
55709
34648
21970
29444
56190
40728
5216
59514
52678
35228
39791
65578
34654
53899
11042
32042
32245
27241
65673
66156
68419
64332
1659
52399
14055
39017
65619
45990
52457
38040
40998
44775
28332
12759
42242
18223
66391
36751
23714
32730
69529
34358
56430
40471
15336
37908
47742
38596
22106
48183
3782
10456
24398
4227
45656
39570
8546
35974
15977
22234
7020
6102
15804
55906
63979
33430
51876
12875
19355
10495
29776
3806
13602
36477
31962
42831
10046
40054
35983
15766
25872
20647
21361
59759
59702
45663
19334
45882
39331
6296
64848
38420
24917
66918
54899
64049
40656
35069
42254
14065
44145
58999
4170
245
44970
68486
41693
26802
68518
50555
30600
33665
30165
43001
37480
46552
50554
29840
68868
45517
1576
11627
64364
22006
17787
19160
28575
65917
27041
64670
7556
69087
47647
65982
24662
20685
30539
23832
42167
12518
64577
56520
18580
57645
67615
17997
34108
58
69362
24918
11100
7504
38650
68344
1295
13220
28309
61789
1251
24484
40997
43810
54162
56482
51531
10534
45724
49688
14698
22527
37976
34474
51058
43615
58723
36362
57748
57714
51561
32984
14535
11928
30562
62494
35211
32850
47252
9124
50982
9689
65186
36826
29334
42297
7666
37209
11065
42239
49899
14409
59677
36546
62774
257
55800
41846
48201
32651
16832
22876
9737
41824
18165
37263
39373
61186
20675
56732
10463
21625
40256
3436
21293
26463
14189
4196
21085
17127
55398
31928
965
25386
41910
42101
39408
52123
21125
37005
48070
33587
42206
63281
35451
33866
30381
4338
31411
28326
12391
32561
33703
55973
9299
29639
63148
51119
47834
11502
17128
13066
8260
22503
28916
31631
26247
20135
42895
3169
10757
22710
5494
5934
4892
13619
11404
25041
23122
3300
4051
28497
66982
39473
39232
58975
6927
22259
6895
45984
52743
15854
40114
40372
24202
14196
65895
3811
63804
15340
39779
33819
45953
44807
65765
38731
60172
47249
23293
11190
15525
46138
11360
54632
1620
60653
56253
21779
11219
35725
12899
49452
60265
33698
44824
13962
40090
63054
33775
64390
44404
46155
66516
60217
41004
15121
3793
36738
57539
18645
19441
4744
57793
4392
64121
41298
10004
18185
23593
35502
63761
13830
1876
29725
3878
49310
30831
23027
3177
5632
8338
20795
13234
9654
1502
36238
21011
37734
63587
22250
23290
21264
41377
57962
223
37099
29735
31167
32841
62308
45297
69634
6079
39918
44572
29299
38436
3024
38700
46423
54434
29091
40016
17726
57179
66809
25102
26485
51191
7452
32792
37994
51310
48328
15179
1311
22083
69726
41346
15106
23448
19801
54366
33781
10682
11510
1769
23081
44392
44114
69309
49866
14882
3509
17354
52397
15541
14209
14335
51141
42197
67692
54341
44179
31877
65076
66340
69308
1190
5303
13120
9879
64833
34493
54248
35499
59479
14371
19821
68678
53161
15965
18836
52941
9034
18864
48130
68683
60086
16549
23235
55774
68354
47747
13078
44557
43761
31593
11622
69911
27946
1988
45698
27282
50848
39659
20800
42372
32441
60965
63083
54597
14947
56046
48388
35290
29283
29392
62843
39337
59128
15385
58671
11625
67173
63843
62214
29779
11936
56685
68057
9585
23951
1004
24047
7045
12360
8547
43601
44197
5051
12174
47370
11252
38007
48699
14864
21750
24423
2019
20783
58680
61809
61713
43030
55273
49837
1706
9610
52936
42789
25616
38878
6269
58480
68016
40294
19641
15244
66135
63380
33461
43547
16119
27086
54809
1762
43558
7011
28871
16226
32350
21506
9777
38699
30317
17129
32782
43533
28429
31870
32319
60943
53517
65745
13644
40927
45705
29519
38649
55080
9150
33337
63772
17694
32459
11342
67393
22070
60868
32674
39030
33902
8301
7031
62593
62209
20566
55802
60974
52391
31138
1582
32767
2717
41745
57510
26709
53930
6797
2773
10504
25974
4883
15105
32926
4477
16340
12343
29105
52749
33167
69828
4104
30677
69490
4428
65267
49444
69353
32828
27703
67110
12562
27206
260
23933
48580
12345
38149
5776
65265
50016
20831
61361
48310
43485
62894
24370
2219
52532
57846
41888
57388
67295
28623
37928
31965
62769
38545
52232
541
39216
12407
41827
43785
8636
62595
48196
11772
58320
35888
66922
19084
28156
9016
4608
6752
67550
12257
44050
56516
26695
17821
17553
44752
14375
5759
47681
36728
16261
48238
54808
24801
48932
8645
10129
61968
47642
6082
10695
298
10683
43829
55651
62973
52174
50523
28350
29075
41410
63637
44481
18116
41852
34637
23887
45373
24963
53002
65419
7534
56053
69549
48828
66553
17015
58597
57513
43139
34224
44237
5862
10419
28895
56260
18573
45699
15341
5451
16205
9887
57448
38135
49237
50280
9735
44093
8000
29533
47115
64338
62602
57130
47088
39028
69920
15390
33653
53490
2788
18677
54169
30566
56970
22694
28047
1289
2290
55803
54085
2732
39564
17148
6158
43418
58627
60161
6853
25037
30007
43044
39728
47990
17720
41291
48380
49056
54275
5459
42678
8990
3669
2982
59913
19965
44408
27732
53561
54900
68780
66339
13848
24927
36940
53013
20998
44916
26449
13957
26738
40422
57470
34669
29755
53955
8267
712
55796
35816
50499
12832
38453
28244
17755
14652
31438
406
64347
4031
51123
45249
21957
43052
66277
707
58092
46467
39992
68278
4032
41137
52124
7398
52371
15923
54458
13008
10787
32085
56787
28256
3264
2405
48033
940
6579
21656
14826
56196
4565
63416
36927
23263
34712
8563
27885
41144
39366
34279
20856
35946
15712
34505
12950
63485
63646
12512
24851
19993
12009
69984
30711
63139
68128
24788
33646
40115
22571
9169
61146
36719
58832
22774
15551
49942
1593
18346
67247
24841
5990
16590
51786
28227
56527
21763
56888
58182
39192
57160
62475
64421
55327
53635
1736
33693
43610
11660
43478
34566
57100
4939
28525
68232
28402
23738
37840
54721
43531
38800
42093
41678
22804
57863
6317
14378
2327
11335
35607
14849
29277
9284
64564
32363
5000
39055
2926
69477
1459
62890
3027
65429
15922
41012
63114
28723
51118
63733
45484
56179
24539
58492
24410
68561
32202
30060
67519
12263
51982
31435
58968
39584
11470
66742
23559
69518
54111
6544
68791
68390
64734
41717
60960
51127
10153
39967
43702
50065
50058
58282
34220
23492
26475
58474
2339
35269
15335
17520
66399
56091
21570
23009
53537
51214
38138
55494
68141
30948
5699
8710
35117
41287
7046
47406
30969
59070
41633
67333
46731
26678
63795
63091
55681
66941
18760
46815
19013
49803
47699
18175
33813
66837
26934
2598
9315
38023
4124
22880
22079
31822
30008
39012
45869
19038
6982
5992
59523
21776
6167
45613
46499
42154
69640
30511
64753
28263
58667
34644
36897
9434
54564
67874
3338
18393
58475
65110
5509
62264
23811
23452
24689
40038
8063
3630
43436
19227
39206
64336
6536
42144
14265
33451
39754
20035
18652
53377
1529
68521
58231
15363
56884
37395
69672
58845
22437
2004
19109
38867
24469
40849
3057
8175
3525
13659
2355
65664
54698
9832
1012
54555
57918
8647
920
19877
36124
34822
581
955
53394
40910
44061
58660
31128
28604
22947
58286
46027
19986
19282
11735
46610
20022
25332
27244
45417
5479
16725
62961
2461
23223
20125
55147
15045
60982
63790
24680
7877
15140
52279
6965
18721
50605
24297
9516
42539
36975
45499
24093
2216
30373
11549
18374
8716
58994
4379
17790
61305
34306
47574
32247
40940
15964
215
46571
27483
8436
38808
16793
56560
1296
63693
18064
28196
36459
43991
53677
56513
14873
69149
31161
35696
45892
48814
41282
31289
24187
30248
4130
13617
10281
49532
6934
54424
45016
39129
46687
1064
14399
26665
23647
35841
39228
49515
66854
29675
19031
5752
27396
10445
45904
29562
46288
4433
67044
55927
3228
43038
2490
50130
39607
30315
67492
68310
11160
33249
18694
25265
59173
29032
29696
31691
21118
41757
33318
29618
54804
22800
61079
38452
33180
25388
48395
43821
18992
1356
1244
35717
44710
56303
32737
67606
2069
33098
59026
34260
25227
38444
49719
65115
11659
47291
40117
14018
31160
13511
63616
59623
48105
16924
15234
65395
6879
11791
31483
61236
69908
21709
3502
41643
48574
19937
11047
25864
59341
60696
15403
37014
62742
48425
25034
65575
25408
848
40930
48412
23988
66830
55351
9645
67384
9623
9033
5596
63582
51942
57298
68172
1068
36871
13194
58406
25035
48215
67026
20397
61874
3682
53266
7231
64556
58019
35137
56278
14488
45193
42692
38682
40766
11553
45126
23337
60260
3026
65719
29049
57526
27069
45740
27428
28323
48169
48301
52666
5075
56317
34917
54464
12735
63574
32672
9389
15122
47918
43942
67108
28790
67575
43228
15126
34845
43854
27892
44156
14074
18202
34779
31473
56730
9768
22676
40963
66337
4314
12847
61302
46199
34371
5389
7075
63029
43170
36500
20540
32116
630
21265
63005
51011
68847
62130
17527
43108
58941
69131
38812
25359
51884
47894
68087
55089
2775
36104
57194
3195
14878
48572
34056
9559
8323
58167
61013
14048
51874
30629
36411
6977
48061
53620
30812
15716
69248
3212
11180
8210
22450
67533
30198
60340
40506
47685
21452
14581
13734
36081
41961
32217
2209
6009
3305
5899
11695
17091
63539
66315
4361
41623
26673
32002
24257
34643
951
59288
3453
36286
40157
44155
16203
33787
51198
23571
60065
66071
1909
1730
63831
44528
6133
19490
37501
15164
19183
6064
40496
67901
55847
39897
27611
47631
17299
30950
37716
61093
61505
54470
3844
40867
42162
68352
36412
15843
2772
15292
46262
9592
36740
57441
31895
63318
3149
2759
1925
34183
49526
51658
10975
14536
14364
37386
60116
60786
51999
34955
29704
29335
15834
38428
49831
36573
58052
4192
42802
3006
30906
40833
59116
68147
22037
11328
52741
61663
47203
15057
39477
33647
67035
37239
29635
57582
12422
4828
8467
9256
36794
39996
50663
56706
35128
552
64898
69227
48098
37821
61780
12259
1124
69543
40427
24253
24163
10408
60512
66835
19732
978
19249
8291
25962
57512
47380
3958
31671
52209
67689
11722
41932
30383
15630
60957
61051
60548
6306
59039
61485
5631
44860
13479
68596
27089
20711
12930
31045
47457
15629
18731
2496
40296
54384
33825
20572
44083
9701
3471
17530
281
25011
67255
69059
48039
39001
33030
5257
68575
8939
67826
18382
22927
33331
17900
57668
26659
27439
7819
25080
21162
31031
56300
43273
15048
27070
21687
57378
316
130
59604
18601
33119
64793
43141
58314
44867
35504
8523
47611
52082
65006
45872
16010
19830
36739
38933
62959
28161
26390
57810
66401
37026
66910
57557
14561
56348
6782
64480
26186
23160
26819
40075
11683
1886
59723
65439
26206
34346
19250
19839
52954
47456
15133
52951
19135
60004
36868
64256
58456
41494
11263
9103
3560
67400
31470
59396
64401
14900
16232
55756
18476
27391
28921
15172
16969
54231
46968
54284
59653
36002
34414
52792
33944
25452
55174
61351
10056
1992
15897
6532
8198
9650
44122
19309
31347
44119
3552
30994
57670
34207
55553
48492
702
60677
4382
40361
21906
35085
26768
34744
4448
47541
14648
41758
63061
44150
59710
9816
66395
12566
57736
11493
51865
30914
12743
37497
34457
29262
35538
14050
69449
48344
49227
68572
20292
4163
60784
12282
5774
4116
17124
6991
36617
28180
10630
17095
49281
5339
30976
14635
24396
43487
8500
45650
9524
40235
41139
38090
2576
57613
52469
68574
13140
62319
11900
48616
60605
57894
19347
22614
44304
33173
8998
6391
25121
45947
26646
30871
50873
30938
24082
46806
30325
36069
48570
14447
53922
58784
58811
58716
31859
37637
57988
54311
62950
48377
51352
2834
18184
37794
1042
65655
14372
6710
69763
26508
35333
54511
59581
5812
17910
48212
2876
15581
27633
22281
68925
43035
16921
20680
32631
63685
20462
57719
62300
59711
56294
20246
26386
64459
7155
57853
33938
11480
5217
18206
64266
39044
50125
8001
27601
4208
50030
14742
3929
47170
6631
63084
41883
66568
59780
20929
202
59147
23215
18370
35381
48879
60394
12169
50908
21768
51616
33874
4178
28692
16204
46280
3858
51788
26395
6054
44805
35950
33663
33885
47788
27621
62979
62092
62072
47778
43820
38377
59201
18816
5638
19064
15539
26131
21123
35073
46392
66369
60208
55917
47525
7295
57632
40074
41500
36678
17575
61354
24385
65122
18217
49035
25232
6288
1545
45170
38306
9077
66768
6578
53196
23165
42352
34572
4942
15379
19533
23896
44214
4848
33475
40212
10917
55721
10600
22663
59693
1554
2308
51020
66588
26431
20595
56231
43909
33205
2750
17996
28792
15281
26099
9575
39552
45742
17251
17480
18664
41549
25680
8107
56529
44823
57064
23405
65130
47284
56713
50219
9083
14392
42036
21925
10987
45328
27604
32185
8166
46180
51588
16886
5411
60375
31783
1969
29728
31984
59911
24653
60617
15211
69565
11621
4395
14081
67409
55333
36662
60789
31915
50695
40783
23295
31602
20037
7801
21964
33580
61740
65169
65092
33279
26433
11678
54479
55407
58246
4717
34557
7508
65113
61344
31335
5912
60956
7008
174
45568
24966
18454
64791
29782
33909
24311
56335
19047
12573
54961
30189
45200
35647
28906
53533
32690
36293
20640
15505
31424
69099
14049
29280
57699
43914
3753
55820
29677
54209
29465
33026
26197
27731
1066
13438
49931
8358
69666
69735
17060
26163
32575
22588
12578
22219
45146
23717
861
28838
55198
11340
21845
35722
19637
56026
43773
66025
9990
33955
25906
4334
56872
24640
42002
715
7912
44993
2882
50800
23259
59324
21975
18675
44133
65182
34651
61673
19595
23727
62645
65599
3316
62689
55463
12515
8391
33206
13419
48161
57161
52217
52623
36190
37604
40399
67179
53140
46448
48585
59007
35910
46743
8666
17181
22781
40525
40627
54125
40532
34970
29866
34407
62779
52314
9549
37261
49702
5533
826
65259
52651
33039
21695
31048
31852
3463
67871
20112
51224
33492
54923
28849
29363
29716
51222
53703
17660
48236
57218
9272
477
56496
40807
3364
29804
5354
60029
8248
62263
56755
13142
24598
64795
1575
56875
49589
57203
2874
66159
40564
24103
6068
62005
6790
37830
6078
28178
66581
68086
49084
48914
29048
52789
64665
7483
35209
43042
29946
1405
20448
29567
45089
5074
42826
17956
26581
39434
9045
38104
65840
57270
61445
18402
58581
51662
43975
2584
10603
31756
31448
66596
24416
40840
43100
23978
21765
61582
47216
55599
46437
34391
53108
67049
36870
50389
4753
23901
53070
2765
44015
52110
56711
59455
49471
10995
7661
5367
60561
19354
12942
17839
53592
67923
1304
5142
952
15343
11651
66500
31540
1786
1178
32255
6225
24160
50780
46272
29440
28788
40012
42901
14727
36892
60082
48508
27275
29008
3974
34549
14975
8292
7136
25207
17781
42949
26873
45307
55764
15995
64479
21084
22733
51576
35024
35624
8839
26532
52790
16902
64957
8156
26617
46955
18925
33281
50583
22584
6872
29104
34102
23281
4925
39069
66659
62835
12919
55026
14297
8604
65584
32579
62086
2465
58397
60158
34773
49535
52043
31530
7217
57362
63598
26920
54453
40035
31359
36036
8079
61658
9853
48422
16022
10221
16301
48823
8720
22746
21336
58694
25335
68565
26293
66994
10424
54250
56869
201
10338
39879
25405
24482
42415
52449
65273
30704
17686
3819
12149
67496
8277
4092
13510
32415
48065
62025
55034
59098
48779
47320
65638
53297
47867
39927
44879
23266
58500
57399
14212
15697
37993
16434
23653
23770
47235
34081
1910
66461
56811
11229
16187
58126
48901
68443
48710
38101
49319
49046
68987
13513
67645
47082
65029
64331
35446
50668
6354
35941
19018
54962
57174
19477
49953
2163
16539
16642
60948
27306
21275
43464
27054
61119
29292
19825
4662
33518
20697
67893
9028
10780
26426
50853
38546
23098
69023
1883
17502
3918
61975
4175
11371
31145
9951
34887
27461
68216
68980
43662
17223
64818
19459
52723
51328
23935
26500
22591
16609
35426
8215
51355
29760
51639
6590
20851
41524
47469
24935
36865
15288
14313
11996
44843
62869
1147
7605
24131
55604
43508
7806
8066
44027
12447
27077
41739
37932
60506
29420
4150
16004
30146
2414
59611
26159
38119
51519
56038
7610
40281
36535
7097
52379
21605
10723
53767
5041
9974
34751
32960
14889
32181
35718
47351
36147
34323
7959
46444
32596
3773
25888
54989
67222
14171
31016
40945
31453
50876
8928
63865
42380
4872
46583
15033
37416
67202
19635
26859
41989
11407
54332
57296
18862
13472
7159
30280
1279
66997
7598
54101
42155
47359
24364
68481
25575
37759
13806
66423
37869
35834
7802
56555
55357
47499
61747
65095
23820
9294
18744
29059
37776
9064
7536
29615
22298
51447
53890
9734
55985
66998
36778
33575
68604
25720
9445
58168
36496
47038
45164
54404
40207
60709
41260
42221
28646
5694
37385
18460
5703
36260
12486
16645
11913
20191
54574
35041
56783
59344
34459
69869
9695
27758
69854
30713
9263
33737
43369
9804
66396
19008
46
53944
59757
27151
32147
35997
26793
15750
5552
33125
28202
35239
20737
20880
52707
41574
38792
59612
38863
18835
47129
34289
33730
5365
56946
12943
58443
1305
43380
44648
1803
59498
29956
20564
17593
53822
61104
54898
37653
46561
16309
23737
37647
46779
9107
47134
13112
55668
69796
18596
13534
63423
4826
37306
66937
32431
58974
23000
61847
20023
64909
55082
46191
2179
30868
67944
1574
5871
25953
23036
54491
33103
65988
33931
39248
47491
66347
51492
21152
32731
13784
51615
36925
25002
63498
43242
36143
9111
65302
38888
64879
49680
15322
33406
32597
1569
53378
13146
18020
29379
35889
44198
67547
17608
20395
13955
48197
45830
5372
24189
11034
29990
31848
38233
38947
255
21170
56582
63706
68267
13392
64640
12508
45968
1741
22367
56159
10541
23318
40389
5513
13546
22888
35271
4193
37190
21501
54054
68611
19823
15378
25919
37621
8483
27979
6851
54578
27123
63956
44171
60555
38042
6088
29752
54958
31627
52118
49612
21728
39443
15221
11548
35736
52785
17817
17077
57326
50976
15450
41091
60507
37297
17281
25108
22472
59005
48919
46541
32900
16279
1606
65042
24569
66612
34378
11998
54372
11269
52921
64921
61817
65909
56459
16308
23899
46631
5113
54551
2909
25605
40905
58820
19905
16329
38041
67252
54966
60443
7245
50334
42613
58828
34302
27084
7305
4693
4704
45115
4265
17928
44683
48100
22912
59214
32533
28760
2742
45353
59206
21447
53762
52809
57969
21063
66905
23173
16584
5199
46862
26503
15042
65021
30792
7009
44350
29261
15863
58377
23766
16928
50582
43719
39214
2383
27827
15943
24930
66740
4631
23015
10217
53187
64321
33788
29698
69013
14025
68303
50442
47071
47009
37956
38249
19921
27386
10773
28285
48576
42158
66906
49204
37460
58907
68787
62461
18406
25089
15465
51131
56609
18660
49356
18304
27140
6466
67219
61854
24428
7276
1828
21006
17016
24638
38144
48964
47113
37960
63328
29471
13584
34131
19567
65877
44267
45182
8060
36813
64850
56058
53172
64267
39235
53426
39983
35862
449
15900
22696
19461
43463
46211
56835
30879
40083
25673
35540
14785
10510
16398
1204
8943
45847
63057
34960
69198
46043
1591
61672
12298
37046
38184
39399
9702
35272
13320
5974
25868
964
6114
16450
43910
42757
7160
27385
24259
69873
26616
4771
22585
1853
2805
12965
14575
2270
18360
62456
7503
56781
53105
69699
69978
38733
17796
18163
48967
2587
58457
24629
9216
315
41508
4318
10566
10133
20451
25245
36410
36196
66254
50736
59644
58562
44393
66041
29512
47807
1690
16213
26009
47567
28677
16866
59160
27390
36747
24346
49879
26496
56911
43881
59258
51955
56916
36341
14693
1813
5560
41092
20612
44168
13508
43003
66164
27777
47462
32322
3744
32074
62516
14565
40900
64729
18970
41749
33903
1931
13696
47381
30476
37545
15451
23268
56935
4919
33656
43616
63347
17204
62863
57505
32360
47992
32385
68641
52114
63407
6297
30218
6091
47014
36050
41243
56440
58934
11333
17664
68230
45206
18582
31012
30647
45735
37232
42618
49749
37725
13898
9700
26064
52795
42436
15177
29235
26089
66773
41560
52733
14177
16270
19803
48542
5360
49849
41541
23241
1409
28204
21256
540
60241
9583
25447
66170
36089
64246
6446
27036
35620
53134
63615
9567
45453
66784
57171
67921
12077
22662
12209
39941
52490
28425
61
63497
22143
59047
40715
31912
21496
14497
9021
67259
38385
15795
20836
55067
5064
61171
47296
30358
49610
42190
23824
63042
53719
25271
53160
11230
47190
50371
51979
36793
42522
57446
33306
69010
45476
39275
41423
23045
7390
33368
35351
4897
6834
42685
27670
398
4102
7248
13218
25376
18706
68810
36092
2607
7940
54580
29999
24560
54677
63621
13038
2511
44300
14540
64575
66841
16465
14631
66995
20280
24737
18465
35309
56661
22755
51013
33401
45230
55828
26357
63953
771
4513
62726
45077
59497
12338
65102
69967
9769
5980
947
8400
66394
6690
8750
8072
50056
33796
22103
11534
45674
67453
28830
54887
4975
63056
28212
17386
43469
1171
55218
52970
36609
18784
26524
2137
28832
66001
32073
49186
9309
7108
29272
15842
41968
47654
7634
31227
47859
55771
20189
28827
11456
6652
66551
7158
12362
13763
60662
20785
49512
18179
51508
25548
9660
13634
33113
36571
2819
21823
11416
34721
13986
46457
58476
45410
27106
52059
9419
42709
27995
10814
60955
37750
66877
13972
15457
49297
42413
22426
15562
68322
2974
43399
58714
46287
10165
54156
417
69627
9586
21841
397
17394
15695
56083
48467
15535
40246
31519
60267
56769
10748
69281
6516
59931
17305
13317
38564
33268
10083
8084
7928
69676
14958
43655
3693
63858
18642
67927
53801
43321
26070
56691
39663
32157
31570
68364
27095
31497
39722
11765
53965
14477
45715
47539
21692
26399
40696
53985
21863
55151
68102
17916
64718
49858
62946
44115
64183
31381
62569
45221
58311
41773
27631
37640
48345
14640
37309
2218
42965
67531
37285
8006
48602
45857
69720
32135
42507
34574
67694
20168
4302
47464
36561
54905
69187
46887
11613
33009
24542
54175
53480
54255
51994
4856
8204
11431
55810
67482
57302
32123
4166
52218
47342
1465
46097
41001
54554
50617
30716
4337
8691
48071
19680
58700
38910
28659
31652
52058
56309
7037
68981
16351
40538
2439
36380
67504
53459
15915
14204
63533
36381
14273
29247
5519
60331
27825
26566
35118
47505
41844
5951
9247
23942
17864
62371
2521
68841
28508
1869
39491
44496
45451
53905
38758
10633
63785
21725
67705
59875
54613
25020
63758
12560
23094
68837
21222
37658
8785
69515
30772
9918
24042
6463
18900
11687
5628
43398
22355
51818
30114
40265
37894
51082
22278
64609
54975
7622
59467
13382
31538
65018
57633
23432
12842
41399
6387
14434
6978
17585
24745
20217
1106
38818
32839
28443
34285
19633
60416
41645
2893
43257
64829
18138
46490
9360
25042
5781
62076
64936
22421
65853
41384
22599
28297
55281
512
30723
62099
64924
49679
64800
31447
50119
12229
18634
27358
1378
23881
36017
52597
10649
69506
33728
45224
25574
19268
7705
7644
62990
30999
39829
32852
38679
34155
23050
62507
29206
4951
29673
66163
43532
43389
56421
33415
10759
19730
16739
67732
50180
31693
7039
5232
44593
63456
2523
65676
41002
58565
53185
46184
53971
49455
23620
37387
24361
14329
29906
65842
67396
3788
30391
40105
30546
18724
26918
3750
5035
36759
15188
47426
35585
61475
18339
22194
63348
3148
31894
40316
2936
42474
57565
31669
55108
19211
69965
36994
31603
19377
64911
53444
8089
36261
21479
7559
23153
62301
45485
9300
45075
23708
66449
67175
46816
25216
4270
46151
38720
30323
59179
47516
27665
33349
49658
38256
61422
18713
2367
36164
32200
69480
63632
1057
23512
8473
48006
61319
9783
49762
33582
64005
4853
59976
65179
61562
7413
64133
26801
8494
46104
51811
12719
15597
56972
22683
33734
51267
10420
54126
30861
22388
38990
18519
46106
65628
22202
61879
33294
65849
38374
38900
18136
24944
13210
9532
20968
3501
3250
38154
16666
29745
37575
34731
16069
45199
15765
51805
50896
19269
40312
54558
33831
35772
9316
21333
32146
65570
50793
52180
46277
2517
35282
45314
41862
61643
50093
26119
45818
24568
48327
5027
30197
29150
36913
65420
2002
66964
53283
29067
35480
8402
39525
11999
5224
23796
49334
10856
53296
17243
31101
54214
58855
2087
17113
34661
46634
43580
14453
26962
15168
2397
27776
43907
48785
62759
49417
62193
61389
62850
14682
60907
47275
41204
43090
1309
11914
43665
10646
22036
33066
21378
9155
25610
49607
51047
69538
50361
39780
17466
43804
65386
36860
48938
20887
15615
44602
47617
37278
18323
61101
65318
57268
7101
52382
39220
23508
27
9414
41591
46316
3978
9453
63525
62563
64526
53545
66455
63078
49253
62621
67183
61055
51261
66486
4217
9869
27691
29798
38843
49293
23756
39207
9595
17929
9844
28181
3281
32868
14490
53288
15235
16114
56059
11725
28613
67629
26891
46322
55370
53199
31886
54025
54713
8450
35677
46328
27436
8856
51617
59369
31281
30011
49342
15409
38817
14194
30196
1921
48495
36539
21607
44246
48346
19901
20896
9099
24383
28176
24769
41276
40813
5528
69206
23390
4416
250
4581
25954
26028
63502
319
33754
42534
27723
22879
20419
666
880
17366
11241
64870
49321
11037
41393
60088
11733
7558
58009
57981
39586
11305
67938
28435
57926
23113
28879
44920
19622
60470
55358
25326
11040
50535
6606
51793
57266
46730
18740
5308
40575
35015
58517
48110
43404
43071
9007
589
64493
46270
61466
69950
33888
16228
41374
9653
67914
47808
36332
31505
68541
14694
11121
3202
35566
786
28821
26651
61692
1097
58662
19085
1481
47157
68908
57506
61971
43597
40726
28103
5166
42513
49949
26396
47388
25612
33629
57924
22498
16050
56249
18108
40032
65030
47993
3066
8468
13315
12113
60826
54635
7978
36691
55916
30944
37326
37806
10282
19924
9895
52968
8243
45543
19238
12511
59250
33740
67702
54847
39616
22766
66214
378
51968
54829
45345
62642
44458
15875
21507
26258
6259
14377
61025
23109
42964
60392
49578
33373
17237
49111
58996
48020
62450
35853
26
58068
39171
53588
42462
54718
23713
11815
7297
55780
54429
43159
25429
23782
12293
38983
17176
2007
13314
36612
49379
41533
31067
1654
39456
60544
25847
49038
18312
1352
41611
10135
67398
5585
44694
60078
8532
4946
65807
46623
15946
24435
36714
20615
37498
67724
31039
39936
68273
39289
31638
58606
13082
43921
3870
16271
11184
33689
24861
61953
28499
26970
34851
31963
15887
30740
16008
27057
60823
12586
14090
50754
58263
33219
46884
16780
29966
7271
34212
46691
27423
59730
60550
11126
44641
25967
3683
50783
59022
24205
57910
23346
33300
49340
33196
39391
63021
23856
59964
2082
15475
69909
42287
17866
36055
8888
17612
38894
11946
67846
60282
42628
13361
11751
54191
28797
7695
55667
8606
54841
50920
50376
58501
43072
50092
7618
24732
11888
20316
39964
53473
23789
15470
53745
39845
41469
37168
55286
60081
68415
41016
54707
15611
43087
40295
3277
2943
8771
42718
25258
36307
36066
34673
2432
24149
16284
33863
69816
30632
59476
25371
36559
47405
43832
39824
39132
27933
59119
30912
14917
38973
13649
56354
68694
4548
42464
46315
37397
28918
65100
13377
28064
41646
35217
8102
57654
38766
59242
38118
14571
16092
61892
11331
247
58752
59030
6397
9251
26634
53812
15101
44186
25415
3915
12902
45815
34823
48330
23467
66390
22562
48856
58024
64513
57241
50447
34923
22996
21160
45647
8136
24258
8348
32946
24444
56415
54705
35356
25656
57628
30529
21465
23490
66421
44591
28995
33163
50649
50157
35127
3162
48206
3014
31218
26381
21161
8124
53788
41619
30664
14312
51627
57759
38694
14957
63847
11556
55171
63938
51158
58234
50791
59567
34701
4767
55745
25394
11048
24609
61144
39673
17131
33398
1701
40176
14966
17844
2326
13917
65698
27911
11083
32386
49790
53329
5317
1360
9232
19572
31309
61342
65317
53215
21665
49241
2281
37689
69655
56936
5641
59626
48341
5235
38299
32117
16740
26595
13512
37115
64920
60080
33683
38821
56238
6359
39605
6077
56186
38009
2924
56316
23984
17088
60637
35184
3098
41261
23176
65609
50266
21159
12851
60902
14034
12069
62784
35431
36142
25352
67048
23189
6683
38752
65321
9870
26791
9961
28579
63164
46752
20889
34800
29123
21518
46521
57839
57234
12991
19843
64951
10625
35813
54246
16897
43158
19840
41296
30567
56775
5087
21288
39748
56886
47304
65264
29656
14310
1494
47803
884
21270
55055
59613
15157
64938
37455
44039
67213
1037
4286
5758
2574
19560
49764
5480
3261
220
15632
64593
60177
49923
31588
3421
47346
40464
1608
35752
30293
24392
68446
45813
25839
26138
35719
63215
49224
52593
403
30097
929
45180
32779
67136
63944
19452
24066
47861
50850
26664
383
10134
5140
22416
49010
46449
60895
2161
5831
63292
3690
48263
2131
11144
9135
2357
57051
43212
17228
6703
5085
42725
35357
24473
11752
27502
23777
39844
55337
53903
4845
60947
20100
38031
64174
9486
22517
8548
2515
8145
8242
15746
32160
31476
12402
59286
28960
15368
32669
22702
45896
69949
43959
11452
43270
56293
37211
22308
25736
34867
2544
24397
9985
32691
56369
15784
29318
37657
67580
13064
59709
15276
26437
8270
6241
46683
45584
39401
59111
43490
24053
54151
68818
52751
35953
62229
63250
7041
54884
42187
20707
17963
51074
11381
37511
14623
60291
39956
40097
12097
50729
56129
67955
131
10703
44816
404
54105
44789
44727
66389
52646
544
19684
21894
66483
69798
48592
8214
46748
36744
48358
37161
44480
61158
63807
28328
20250
26460
9953
15914
30855
14715
37283
59801
3035
10792
46606
62334
40360
15511
7411
36932
1600
17119
54516
18219
32950
40160
29328
33824
68320
25591
20297
55461
56962
30887
60171
59468
48165
2912
51515
56481
11163
770
60641
24291
22877
51866
40747
196
53891
60129
15349
3961
50408
15733
57892
26209
4553
13396
10743
27900
27692
22512
8735
38351
497
49829
61113
21434
6905
62748
46469
24463
16892
42524
48924
15638
54880
53604
53050
45891
40219
25559
58622
65449
11840
24575
49439
57491
30187
29780
28987
1815
64324
61723
55550
8924
46068
8015
24836
25262
9130
20149
47072
36830
43634
38671
35926
4201
46578
16554
54348
16321
27268
136
60420
5544
31597
56958
42142
50601
21831
29636
16145
27616
27129
65298
8620
35298
4780
15184
17057
22713
21362
43817
52729
3415
43749
44113
52068
36193
41498
59313
21748
66040
17975
58034
20560
23548
26487
38195
63252
7630
55621
43235
68367
31515
62686
63488
69466
10481
14804
36549
38634
31939
35973
46514
18756
17450
51449
26141
15671
6389
65381
42554
50374
17710
9967
49995
46957
35266
20116
59305
15400
60758
43515
65053
23590
10590
12717
18384
5790
27157
27814
28656
43880
46473
36185
57162
63874
39274
28302
10516
17604
38025
20020
44870
36200
69702
61017
48564
53356
19807
59346
20629
43201
44716
45512
35758
55257
66055
36850
48635
34844
1451
21057
67480
66198
68008
9937
27784
30890
31946
63074
44247
43724
31901
10571
48073
12164
20479
62205
15578
55153
7453
53093
27494
67726
7996
14927
37204
40540
47658
58681
46719
38849
29551
65832
57580
16053
36720
33150
57317
2691
42362
48448
14002
38080
27016
50242
36159
10405
55798
3999
56450
13441
53853
37037
33394
10901
34550
56677
23226
13592
51343
29765
33321
31334
56921
32620
54308
51100
47915
31463
58398
42491
24260
7336
51117
7448
61829
45471
44239
56148
44575
24622
36454
2606
45493
60415
34083
34406
48037
60638
17689
61969
44463
12538
3659
37644
12248
12585
49567
22297
11542
8986
18956
52020
5900
627
24725
8577
59219
57591
69246
51733
24945
25748
5333
11522
41171
19313
17298
66523
6970
2527
2737
19261
47154
50806
67283
46938
39168
60657
2053
58884
36252
44587
61848
40716
52607
66039
30260
46264
24953
13130
53010
9706
36072
64448
27152
38448
62107
25175
59452
47835
4410
30459
36347
35597
12665
57468
23624
7793
67303
25883
11078
14794
30051
15474
30557
59610
53508
39436
54220
33820
29772
375
51757
3763
55069
67349
56154
43269
6700
20127
14098
69424
55205
31616
10291
59205
20530
27252
18437
21020
52436
13679
65304
37747
49429
43284
30919
65336
7537
25055
24275
18832
67564
44709
21329
64317
15075
13094
62033
9599
28143
66819
5994
60990
47156
4125
69728
1114
27755
41176
48062
27074
54227
55311
29126
69604
60630
41713
14877
45574
46519
42531
6955
54174
28417
6111
13778
47276
53351
21080
22609
34605
32174
55429
25432
49170
66936
55071
3604
68688
4912
2467
56248
3606
38730
30731
57577
18538
56854
67407
7428
20942
65243
20086
6930
42682
23425
56419
17570
58899
24264
56928
10067
50284
25543
9496
12309
56015
52442
14103
62916
32955
7125
44377
31741
66524
30558
31641
26716
51840
40465
65966
27719
48665
45312
63435
26333
41540
29893
30601
47408
36146
50556
55361
50540
12347
68687
10312
49051
42835
39957
28806
13258
68330
24965
4322
9907
51965
5194
15408
14383
44100
24959
62662
14224
55575
5672
47240
2241
47628
7870
5422
20912
62541
1401
63230
1773
68739
25508
48686
53024
28001
46601
43525
15325
10164
28957
12931
7673
34281
30797
31462
28865
41951
57980
4628
18430
15030
68958
61980
65319
11800
33005
65525
7817
47785
52613
23787
64142
27109
40975
57638
35421
2767
43341
52463
23386
29414
38011
3729
25738
20643
69511
13914
34711
43936
18804
58107
17532
13984
30083
42840
69545
4114
18621
3718
69566
42316
41877
45452
9813
9703
12520
13128
6063
34706
66736
59919
4844
42047
37712
10394
56654
9343
38967
54291
43548
20546
60876
33467
52849
21819
64607
55690
67225
67869
42925
22660
27920
20389
31326
45822
30368
69644
32129
55877
8572
53972
26778
2304
22505
30018
55093
9070
50484
44272
39797
63797
25325
28767
58394
52441
16959
20589
43605
35957
49481
15696
47598
18418
8886
17170
69108
66756
51133
13529
20438
13785
49997
56036
27934
55046
43208
30117
5775
42130
41614
58696
18319
60182
3275
60929
66088
12294
35688
63973
2205
25446
13656
55981
32439
45100
62419
44067
14015
50115
66602
51695
7812
20694
50759
50225
8018
25874
31786
16860
55778
29375
4563
55536
36519
29289
32559
4371
67264
43674
66107
18903
32919
64671
11528
50720
29674
40550
28841
65916
61954
8153
20597
60123
31811
62600
59792
23703
44189
69311
33610
48477
8789
63650
29714
38092
31686
34945
48179
24363
5993
10113
66119
65437
15374
29416
32191
13625
20213
15434
69843
24543
9888
10613
14012
17645
14805
67861
69866
34126
18945
40469
50209
22834
64589
42184
33376
45338
27480
17335
5814
49854
51594
23869
10858
27194
535
46069
47266
59549
51051
22490
16496
40369
38487
68329
4040
29712
36876
63945
35253
66788
11113
59924
49686
28717
35768
57838
54706
69220
41706
65574
43253
11527
31947
30790
31913
32159
14441
37805
63299
41559
14641
5095
57611
58007
28000
30752
10710
64123
16272
52574
41725
54015
12104
66299
8538
45580
45201
39188
2529
29648
66238
1140
23882
19043
67410
22468
66604
17055
22190
29358
42547
47446
18324
68642
63924
45502
33297
33958
4529
20355
35306
53866
22534
49675
20625
37977
49723
40519
17998
39160
30984
33808
67124
38760
47298
47585
41087
5202
113
41080
68474
22304
8524
29213
58000
49801
38981
2623
25670
45456
4074
26356
32762
36842
27952
48822
64494
35664
6465
32702
12532
25596
69244
9789
60814
57437
60558
33531
24381
4232
67656
65292
5792
41062
66379
54505
54368
25640
1821
46878
32593
9479
1474
40439
53258
30275
42178
44713
47018
45418
43700
24855
41064
15689
38321
26637
69981
7691
41186
8841
38483
69115
53385
52571
61030
27936
41785
18013
10880
58725
49911
22825
69578
10361
28753
65764
54844
67141
11571
6570
18249
26486
4555
60824
61174
46150
67513
8212
21677
28725
56252
31990
15813
31237
16283
5955
9947
62279
44914
31612
63834
67984
47123
12726
31714
20570
48707
7395
27561
55227
6961
32061
20458
318
27478
25023
52353
37909
24393
381
43600
4179
19367
44685
54948
35023
40504
47609
62897
41361
14474
6510
12513
13665
40918
1137
19094
24541
40601
18069
29417
3456
3197
1644
8808
40392
677
50778
58925
21298
57415
30463
6252
48324
51160
22902
3835
67001
47880
16531
59035
52573
62151
4465
40878
3654
62165
3845
36447
37766
42037
65984
25520
18815
59648
48355
747
48812
14305
26666
19295
6565
15279
13342
65123
38976
59195
62118
38075
53637
12146
25062
46067
9376
61392
53960
39073
21218
37113
24566
12990
67545
52586
33317
43132
5960
34676
6505
30585
13596
25709
10215
22238
60926
64022
17291
26632
59675
37564
64777
37992
27906
17375
43166
58648
23621
8068
14107
61237
21039
62077
11004
3969
53678
53159
21121
49898
54039
17715
42540
33633
68453
43602
939
21184
27585
1860
18487
4242
13951
10589
58588
13982
3833
10222
33721
51936
43676
4948
4740
19277
5438
40612
11410
13866
64319
23137
10931
54897
8505
28142
47201
50897
31716
56679
7553
35280
35786
12918
3987
54652
23322
43147
33976
48274
21578
38094
13245
30769
19588
38173
29932
48578
42033
68854
51450
31125
10737
12546
20764
38390
32432
9112
31193
39246
33495
61128
16277
65785
6727
67787
29218
28842
7436
65482
13842
279
15094
4153
29878
20902
39714
22920
27632
4579
4633
28828
22391
66671
50962
68522
26557
44616
28128
63805
3354
42295
56247
8988
12643
21918
24345
49140
22390
224
10663
64947
25706
20803
17863
6845
31702
59948
56285
48889
17140
21760
59051
42768
14962
17034
35102
56373
34907
51612
66808
30183
34465
28089
47763
33954
55717
33405
34152
69617
41005
454
65600
22312
10754
60270
4207
14436
44539
61584
9466
26586
8083
42348
44437
42273
62610
27305
15509
68426
7638
39313
36084
15223
45414
48419
1416
40913
16170
60928
900
42912
63125
40030
66289
58869
17376
67353
43355
23667
55084
62262
21729
30619
63892
40430
64209
30776
2506
6226
25541
25698
19713
9352
62473
49231
50167
63122
66258
46857
43064
51679
13501
14791
14511
32893
2411
23902
51737
54268
20281
14114
37454
18705
5891
66360
22711
55579
40542
68437
46993
62467
12892
19492
14124
33111
69789
12249
17349
23017
53765
42509
27031
16166
55272
62290
3577
32449
1329
13105
68539
47878
54163
19811
7919
30092
23367
32359
67147
65716
57367
26548
35430
63066
62285
38160
52576
9388
26994
20963
58047
6523
23732
7758
52341
44637
19206
2012
47185
40614
66270
34910
34294
41413
40371
27169
64555
35706
41802
64225
22336
16256
44595
41984
22300
31197
45086
57881
69008
4494
32327
13323
18898
28898
17893
28288
29843
64824
69935
52503
54170
43877
28685
59571
730
43544
34969
47164
54261
60232
21604
5461
19978
16237
57323
46764
29876
50464
26831
16457
42983
61681
4799
23533
45387
22925
40933
15489
51715
63454
55053
50958
47926
15519
54077
29451
44025
60404
14549
60259
49945
53721
37791
24845
12124
26066
14939
25717
49296
41934
28082
34832
53601
22323
5506
40906
14016
14784
42091
9106
7547
60665
6478
19005
52365
32258
49781
19427
27672
36441
67051
39993
32921
12450
14592
23557
61100
15351
68824
61665
54288
3671
38517
21884
28917
59937
52592
61393
45118
11028
56992
54026
61648
18413
44882
12376
56120
23077
49074
30877
50420
15346
24829
21862
19982
22656
16983
34839
52351
51566
66715
66560
20678
13302
52858
16682
11677
43317
66492
62342
56789
10235
52263
56981
25356
9301
5761
18328
41974
61512
35715
28300
46351
16668
40196
10233
53876
56271
51529
28257
13344
38505
53442
31354
17171
56855
61714
23356
17499
22157
41970
48845
27690
57346
52484
46344
4
43528
46429
42696
34139
9608
5826
54525
54865
43467
8603
1379
10265
69411
5724
9006
20273
9723
34829
197
10638
26413
60219
30379
31787
29140
16870
9544
23870
18665
57113
51231
11804
3735
62963
43458
55222
6058
58636
16710
23610
3573
60422
28866
38772
19264
14235
66251
7339
1782
46144
52429
15874
50352
8934
14591
4890
37984
317
1186
39730
3079
28684
66240
6521
4331
5109
69178
3903
23151
55138
57397
47625
50977
5500
11792
49054
21720
22187
17029
13710
32996
56822
32446
22365
49905
48750
18960
20590
16481
46616
37248
8971
61458
18347
1129
46084
13895
51559
38765
49963
23809
60233
67250
12620
15655
53576
26016
32576
32902
6663
61274
48996
15427
19187
23437
57730
54577
35168
58905
66012
7665
46301
25237
65647
43465
5374
757
10957
21228
54102
42006
23710
13996
32249
10989
21601
19835
4540
35548
31604
6522
13281
57057
41902
44284
55740
14688
53968
36034
63245
6985
21982
63724
57208
34202
54199
20996
26309
31203
6715
61595
41074
29342
55420
2859
63760
47898
53125
1728
13465
18037
9833
27740
23043
39213
32883
58343
8862
63240
15044
60564
20429
13113
62476
65904
26034
17984
23064
27557
1151
16733
16031
51279
12994
21597
33608
44566
662
14222
39322
63
39384
55822
46148
11600
2337
17628
1963
4592
45018
5271
41145
14348
11445
37105
41330
15910
35937
37352
43056
66300
45323
63383
9371
52567
36417
50426
12070
39864
32264
61650
60050
33123
32535
11684
3920
508
34895
48429
33844
34727
27476
46063
30710
17240
24106
17554
58936
29084
26002
61181
58957
13936
11282
44037
63555
3404
30696
49600
32952
60380
8200
13432
19246
41586
10799
4070
30621
11088
20009
33414
34690
44169
18214
67116
16891
33583
68703
32037
50983
33783
28699
53776
63430
17162
69404
59279
41534
1342
60035
41352
60479
50857
50858
58362
15994
16910
16735
47058
41799
31829
57960
29603
68380
52732
48835
64811
52947
27060
6230
68282
34419
10811
33823
11716
57293
11903
40094
52492
67591
62566
69880
52130
39593
18910
24508
37328
40383
24400
66805
21702
17022
36903
38995
28173
39759
62021
4670
11744
12614
43985
69686
1967
26464
26972
40423
12075
12485
24255
61040
8410
21856
47441
63381
65221
28003
58751
47660
2408
43800
401
67301
10322
945
39972
42131
57386
48336
47587
66684
57702
68274
64539
65896
52560
58518
3216
49581
31451
18427
62318
53184
8724
47942
1396
28652
4725
44165
63673
67789
58577
67485
47173
40553
27420
49852
30272
47883
41756
54789
67479
7723
4461
45794
23773
46081
48351
58535
19197
16430
9202
69356
12617
52117
30595
60777
18220
1635
1985
16688
5683
44170
8933
21389
65188
20784
9138
57569
17511
48108
3843
55030
25048
48821
51993
18858
53627
46445
1307
47900
2813
53415
62525
38712
32907
69418
53660
24247
35067
67209
8551
3885
33742
4034
22823
69181
28474
37479
12290
54350
63267
38757
29871
68510
6926
42349
12336
57830
20633
32367
57970
69368
57844
2609
43394
43692
40843
69548
21662
50148
25687
26610
64147
2880
47149
8932
28909
19145
22046
53806
3065
1116
10170
14551
1597
21321
66727
4380
29678
6281
54979
50831
39887
27640
69028
52665
62628
62198
20729
57558
54069
4687
36578
14529
11191
29331
64476
65772
37743
13125
22251
65315
4588
64554
34137
24628
69600
34448
37624
15607
15992
66724
69341
56487
16453
29183
49664
46865
59995
20304
68262
28534
49523
21567
46203
63517
15844
12955
38886
48588
18518
39978
14838
7301
16973
24605
36645
12767
67888
22945
55223
683
8823
12374
4440
56111
26614
26218
2536
63186
6468
13011
63195
34258
4233
58491
66950
11108
46441
26305
55915
6588
65139
8181
6826
45510
48526
66840
42498
41829
54133
44196
12750
18331
576
61139
69094
13831
29316
9279
19192
67959
373
62026
65326
39909
24534
69569
56358
12584
22169
30598
23619
13051
15160
17424
20185
48450
64915
66332
45942
1031
8104
68085
11193
44798
9881
47818
12982
37557
21226
57855
51457
38696
47501
28886
996
3157
28461
47852
11131
14085
30842
9245
2846
33889
7887
18073
42908
61575
7754
66825
785
815
33413
587
11188
7221
39832
40717
23319
48725
55129
8978
24817
14129
21357
20322
15303
39991
17166
1110
62006
20146
60359
18109
51181
31710
63049
52464
44295
30977
1475
30441
8308
56018
25871
26083
69802
30076
42521
58664
16251
29785
10205
22680
20068
48106
10354
29952
61510
24312
52783
68732
3633
41059
7146
34303
16472
65631
61699
39021
47591
53896
58523
24177
59560
68200
8035
10031
69942
4464
33055
65901
18043
46542
10095
32303
23101
58524
67785
34236
29852
60685
63809
58668
14481
68728
18581
66157
12575
2890
18644
5659
52599
48782
33083
9308
37098
14304
7720
62704
22060
32071
4239
13372
45242
34347
67431
27421
20568
33065
30238
25993
16371
62154
35337
47428
53492
17410
64548
38165
25367
54939
2778
57784
25276
49560
12267
2101
1895
66558
66947
22299
33534
56460
25291
15076
43892
41838
46345
19853
54148
63361
6735
46587
18225
40629
57458
56682
56611
8414
53928
18810
9994
23414
55383
41075
48234
34063
46420
26514
60361
64382
44244
8106
19252
46850
53799
52322
35255
16864
42243
22031
56988
43172
11009
56530
63753
59667
2785
35653
58635
11281
58302
20264
31083
44303
56357
69888
60610
58410
39588
21342
69688
48864
50168
31287
60066
11813
18783
35879
23668
69175
44734
52438
25535
23519
56574
63360
3194
45970
3500
42083
10598
23457
874
32487
62808
59906
38908
17364
63260
25712
45223
54991
20495
96
46945
18321
49324
68562
49359
24108
14756
39008
60601
32265
47490
64045
29090
27290
28675
26590
51496
63376
53683
14309
26273
21169
68434
7845
15811
29312
33896
20144
4177
24807
17149
45110
4050
51932
38281
9328
66370
51570
44547
10057
55036
58179
17504
59367
53589
18934
17990
64789
62256
61822
61046
3290
26878
22924
21932
49107
55576
28221
39441
9357
55563
6016
38673
30210
66564
40151
18142
53135
44296
38442
18117
63165
2302
23522
48150
60642
25354
42171
58315
34286
20048
43721
47619
54088
39933
36600
68571
12526
31417
53438
50198
23565
29593
5418
1075
36806
44082
27607
11025
11498
45844
48010
18273
49013
31457
4614
8574
34109
26746
27301
57511
25566
63675
63043
54772
46574
53608
50134
69075
54620
66853
19155
37195
27527
50310
62361
42281
59588
30679
20197
5927
61024
64014
41135
3769
64939
64415
32274
12308
39684
34532
53454
45422
26340
31776
56182
10181
13525
3023
64508
4121
46162
54749
7110
13059
38168
61891
24808
45829
54358
4182
36566
69079
43884
24837
14563
24452
20671
3932
46250
39840
59954
42067
68430
51507
2992
57314
13561
50427
42368
30578
55056
8322
38998
68215
67792
4185
63682
67788
3460
52911
27096
10513
8017
5919
52502
36160
26694
29902
11808
69745
59935
49438
24883
61590
54173
68176
27938
64563
40133
11922
462
56438
22486
56669
18587
37117
29749
10013
38499
46807
11130
11816
21309
63526
64973
65192
32280
27705
239
32743
54251
30113
27135
33784
50267
69459
30096
18541
64916
7418
39666
16311
57998
5729
19580
63538
45985
13048
32473
62935
25286
46370
41286
17982
40690
42217
5883
63507
52988
26697
7192
39648
32660
56360
154
47917
58704
43811
44329
34070
42662
33263
2113
54546
35913
57990
63450
29107
19563
57063
22235
58770
22211
44261
5078
22916
5071
51712
16269
28670
44654
5002
64145
27073
31825
63857
17362
20611
59150
62717
17175
2138
27046
31840
2340
23051
33189
49910
7182
33029
11971
20489
32594
64403
37539
66879
24655
21046
36557
65573
22481
59530
55389
11208
32302
1246
22232
39242
69652
44525
68438
26314
52287
33588
39834
47941
65365
32783
19007
24057
53789
9527
44923
45931
33780
7414
18010
3594
41502
40866
13877
28422
17692
35643
5691
2342
65050
65860
55004
9332
60229
42543
65170
5727
31190
38066
20691
30017
63531
2444
25421
23815
3685
35608
22720
22179
45143
66106
14819
30804
69746
61859
12570
66967
21304
3173
9511
49865
53559
32177
18351
61735
39189
69005
29352
41949
50248
6212
60399
16596
7515
64082
67378
60295
43232
44535
31178
48535
31274
43406
42205
63692
22156
29070
68485
65614
5076
18103
21941
14419
22794
55615
45980
39176
42508
11978
24946
5786
42629
21150
22203
69874
16693
27339
27649
20961
64584
44094
35645
36059
21090
45469
2603
58146
25615
53587
10347
42797
2160
59244
24244
33816
65532
10090
14501
18074
23790
50634
14469
27682
21963
9421
3708
9235
33223
15883
54938
29645
23321
5177
66030
69006
21834
19818
60600
7370
20773
29501
21454
64312
29268
21148
13381
47560
56297
48939
61955
20017
2307
65148
68416
48734
18237
50351
47865
55537
42248
22724
62722
46859
62754
60745
17161
31668
46451
35080
50288
36123
40483
43542
28896
47713
25684
50711
68833
49106
63652
38574
16458
60385
21291
61155
24481
25602
21786
59018
25315
52902
46984
48774
64944
1902
30609
48918
23965
5048
45392
51174
9167
50100
51795
42086
54764
35383
60864
35694
26366
1901
32736
56134
35948
16190
12935
17812
34631
21561
21613
45894
14003
14427
6512
465
54465
28026
62680
46580
51472
24032
35809
51402
29750
41590
51025
16722
26160
50329
59496
48860
18252
11648
38747
64685
8103
6699
21163
5279
41763
24741
22343
27355
902
69738
55966
22344
16042
15780
19857
33979
18710
67652
15508
2305
63207
48001
542
42838
7236
48441
21869
7927
60266
6983
39151
24760
45038
3127
63166
27327
33704
6658
27769
30939
66293
59403
28984
56601
46517
13099
39516
32808
17670
22068
45172
52556
46843
68153
47474
46549
62908
17276
52160
19358
21457
49718
29056
64532
67408
14029
338
26205
4793
9741
13480
18470
2800
68917
38647
25361
3236
38777
35996
16402
29734
20636
47907
57514
69078
39501
43955
24686
21055
11782
64620
40742
18768
11864
30798
58586
59450
29643
307
52250
60451
1007
24287
19541
21899
20488
728
39891
21323
26084
12557
61638
44018
65837
48830
8004
53953
22669
60729
36731
30195
64170
38744
34674
55530
53155
61335
19195
45883
30724
25312
55156
959
33986
42275
67065
69958
41762
31572
56428
37349
28820
54023
30907
28269
19959
29947
14806
28619
4252
6309
29987
19537
47868
4029
57344
28959
6655
61308
61010
49093
25173
42335
69781
36658
7693
46181
23126
24951
65635
50424
22633
625
9240
52907
41738
65876
55379
37798
18363
15180
24948
55698
31611
50404
65710
12061
33652
13810
20582
49516
52483
32305
67003
38681
4596
18988
2022
33577
42032
13938
54753
5763
25260
34061
23291
61715
54181
9885
69847
67730
53062
11471
4839
49834
5844
29176
41822
6884
14990
55700
32697
47221
16141
31981
69497
49408
17848
15092
30042
23526
42445
19298
7063
53705
52966
30028
53233
34352
31251
8944
8959
28829
44803
65565
35452
42707
18974
5686
9835
27792
66989
57930
16444
45743
68049
17959
51439
24220
4510
19749
51104
56105
51411
5070
15755
13615
60130
35250
32682
24885
31944
5189
57841
45487
44270
39062
24919
49137
60431
10812
37584
46418
10073
16879
36634
21866
27417
55979
34726
60290
54596
54402
49648
11876
53361
18633
59748
31535
20539
23204
32186
23953
49906
34016
67371
13408
45889
42958
25556
11970
78
61674
62433
6234
29547
8441
9286
18055
39898
1894
27154
48292
7627
38778
32483
14534
51539
59446
16391
10034
40923
60330
44527
11476
65943
53078
5756
59485
27606
69541
64363
19083
36671
68708
27221
54859
62471
26335
53445
21576
50660
46434
37581
5940
50530
53516
64615
20594
35087
4993
21955
34458
65947
24324
45908
34743
63417
29507
12723
39432
23310
58536
22042
15139
56749
29709
19395
19518
38861
11565
15344
62020
16193
19920
50940
47618
14242
43538
23022
10271
3783
13444
44633
33520
43623
14398
43092
67243
38822
67489
32649
56412
1849
1189
1752
47451
63030
20177
37503
6920
35820
56165
54740
5223
68046
62634
35882
33836
51292
13622
45044
10305
32509
16806
30641
7469
45441
34044
68785
41493
53527
64785
22954
69305
5613
51134
59203
64048
33600
36592
22590
55488
9252
11521
19023
1027
53685
6672
7955
36312
10537
15123
33550
8206
64189
14560
37382
63817
25015
18586
53531
43574
40992
28104
58011
13368
67528
17862
27981
63872
41162
66275
4222
49276
2263
2722
20070
58209
52113
55349
19478
53238
37981
67221
4792
36458
32748
12650
42858
4731
30038
67469
13443
2426
12861
5510
36364
24793
58017
40365
7849
11096
15125
553
18833
13650
9468
26164
57334
38732
1119
58001
41049
32414
52175
64930
1740
67154
39953
17597
5807
39004
32524
21817
13578
62297
6898
1681
30452
50823
36474
16617
3193
69393
58213
14588
44866
28091
15132
13311
12315
39515
67305
33332
42891
47105
56750
63691
39032
25705
63840
43924
4408
1413
51593
6931
4820
24193
38286
10437
34578
2343
39720
19809
6722
22747
7692
54601
22402
9871
22566
57400
23392
34264
11403
30607
46073
52835
62192
58897
18099
6572
21208
62768
21952
621
60543
31868
43264
45477
55321
61172
48277
69499
3642
35035
43656
32075
30768
66729
35172
54065
12260
48916
48960
8930
43120
10836
41405
67392
24141
1907
47495
24681
48256
58233
63656
41041
50875
13629
54051
3874
40276
50330
17321
3886
18152
18491
49706
13088
11011
36407
17859
32989
55672
18860
4805
24178
29391
38072
56949
18989
17144
5160
59621
19142
11272
61486
42245
5579
32895
53856
8213
53464
14407
53865
36476
40129
50354
39276
55328
51562
60976
18224
21058
69250
53771
69327
64680
58336
51860
33848
36424
5901
41394
9172
14179
13558
52074
39818
34045
19222
39970
33502
27862
47704
40171
60966
56696
8329
252
32445
69625
34171
16620
55653
11223
52143
42360
30923
35313
54885
7179
51471
28031
45231
4365
69076
18380
18435
48461
3188
59004
12653
6406
24683
45490
37736
36939
34738
1891
12245
14870
43952
69594
14786
61858
37942
18723
61427
1572
23038
60892
3211
34337
55078
18679
56832
65045
48877
47139
54646
55471
42735
30407
22841
31734
55600
53646
34554
45132
14621
45565
22646
29253
27717
60578
43828
2599
25251
65770
18865
16063
4484
4431
112
19462
38289
13433
68741
50810
50699
34919
50576
11825
7609
25981
16377
60704
15067
30706
17459
32680
67370
29568
18866
23383
65590
60687
35901
50238
39940
39304
20536
6801
56454
54192
25982
33008
69611
44568
41668
9426
53471
20335
22012
30660
14301
32136
6714
33445
36977
56517
21614
39308
7568
23695
22207
52991
13410
62058
35663
48163
44164
16313
9185
41420
18492
45723
67646
34570
18590
2611
4653
16327
16169
3723
22463
66327
59519
4605
1482
52990
59907
52327
28151
64327
49921
57968
31426
33290
19420
63256
10870
44776
36637
65805
48356
222
44418
38427
8223
53407
15956
68271
40346
14611
32469
42030
60519
28340
387
57817
31025
65007
34280
12177
44793
31942
13211
35303
41603
59655
29461
601
37887
4832
21235
35030
28075
14842
56066
65494
9227
20404
22640
5741
29333
35011
15297
69383
34795
36287
31343
5493
58093
12305
65975
59873
46819
26662
56320
49983
22986
43037
10409
2827
38890
59071
3147
18115
64904
36861
68199
17846
21853
57899
55081
61937
31402
41043
24611
59338
49210
41218
52598
2710
60424
6986
68933
66893
58495
11074
2964
24887
51348
7228
28948
55063
42842
14509
50281
892
43551
10999
66232
4637
49982
57986
1452
28051
21071
23645
11136
36390
69635
27912
54647
57049
66005
52242
46408
25672
13900
67809
9262
51108
26713
55181
54012
17433
48118
47493
51015
4421
27916
7119
54186
66042
18188
1906
4065
25132
48880
47453
13549
56350
53053
23082
65903
42262
4154
55506
31986
12304
4562
36422
32947
49863
65661
17895
28633
30667
21847
48156
59738
3891
65242
52487
65806
42502
24603
29875
13014
29830
62445
28509
44692
40611
32474
40567
12878
54990
55367
43032
37532
54166
36453
52268
46025
47106
26409
14154
57425
30068
44836
68666
11589
14256
42823
37593
41202
43595
17125
57639
36166
18160
34980
47909
60146
23651
15962
44436
68324
16405
34859
20364
45969
60289
51495
53557
28594
6530
24806
5764
57827
61957
41813
66314
49333
9060
39637
437
40051
60473
25420
15485
27375
14795
10416
44287
10724
25929
59678
16586
44748
35995
1280
12035
33913
4582
1865
66958
24136
4913
30856
54724
23063
47586
9673
49615
39038
20214
17426
30795
65249
50085
67623
33530
20394
6324
50727
63034
21476
48732
44147
54091
428
35155
1497
21954
66843
18536
64794
50807
61107
35961
43990
48893
52647
68712
60093
30869
65766
7278
33455
53487
16631
56736
2754
53345
67428
60406
66481
25676
18659
41421
16649
9672
21249
12278
16490
39966
46607
21064
69067
21798
46780
39541
63379
40678
17012
61796
54244
29829
66892
54495
12384
52518
47805
48488
18261
14472
68820
51093
22544
1230
19498
4420
62589
31374
50274
26177
1547
17417
50269
63894
22084
31485
35194
6298
60944
7766
29089
36129
50509
45783
21815
67282
61760
20460
37544
46672
60246
49125
34506
1745
35682
63000
5766
2520
19239
18068
53994
3222
37124
5046
28479
33428
65209
43084
2999
37525
51096
66167
13843
69415
66787
32148
11288
46194
18333
67940
18794
40034
1991
4042
38484
35092
68988
4894
27300
66438
55425
67143
31982
65241
57954
22340
12704
20745
24134
51890
51087
67744
64359
62164
58603
568
64242
66900
37904
10024
59185
41277
33572
61614
53203
1546
9772
